classes,idx
一,0
丁,1
七,2
万,3
丈,4
三,5
上,6
下,7
不,8
与,9
丐,10
丑,11
专,12
且,13
丕,14
世,15
丘,16
丙,17
业,18
丛,19
东,20
丝,21
丞,22
丟,23
丢,24
两,25
严,26
並,27
丧,28
个,29
丫,30
丬,31
中,32
丰,33
串,34
临,35
丸,36
丹,37
为,38
主,39
丽,40
举,41
乃,42
久,43
乇,44
么,45
义,46
之,47
乌,48
乍,49
乎,50
乏,51
乐,52
乒,53
乓,54
乔,55
乖,56
乘,57
乙,58
乜,59
九,60
乞,61
也,62
习,63
乡,64
书,65
乩,66
买,67
乱,68
乳,69
亂,70
了,71
予,72
争,73
事,74
二,75
于,76
亏,77
云,78
互,79
亓,80
五,81
井,82
亘,83
亚,84
些,85
亞,86
亟,87
亠,88
亡,89
亢,90
交,91
亥,92
亦,93
产,94
亨,95
亩,96
享,97
京,98
亭,99
亮,100
亲,101
亳,102
亵,103
人,104
亻,105
亿,106
什,107
仁,108
仂,109
仃,110
仄,111
仅,112
仆,113
仇,114
仉,115
今,116
介,117
仍,118
从,119
仑,120
仓,121
仔,122
仕,123
他,124
仗,125
付,126
仙,127
仝,128
仞,129
仟,130
仡,131
代,132
令,133
以,134
仨,135
仪,136
仫,137
们,138
仰,139
仲,140
仵,141
件,142
价,143
任,144
份,145
企,146
伉,147
伊,148
伍,149
伎,150
伏,151
伐,152
休,153
伓,154
众,155
优,156
伙,157
会,158
伛,159
伞,160
伟,161
传,162
伢,163
伤,164
伥,165
伦,166
伧,167
伪,168
伫,169
伯,170
估,171
伲,172
伴,173
伶,174
伸,175
伺,176
似,177
伽,178
佃,179
但,180
佇,181
位,182
低,183
住,184
佐,185
佑,186
体,187
何,188
佗,189
佘,190
佚,191
佛,192
作,193
佝,194
佞,195
佟,196
你,197
佣,198
佤,199
佥,200
佩,201
佬,202
佯,203
佰,204
佳,205
佴,206
併,207
佶,208
佻,209
佼,210
佾,211
使,212
侃,213
侄,214
來,215
侈,216
侉,217
例,218
侍,219
侏,220
侑,221
侔,222
侖,223
侗,224
供,225
依,226
侠,227
侣,228
侥,229
侦,230
侧,231
侨,232
侩,233
侪,234
侬,235
侮,236
侯,237
侵,238
侶,239
便,240
俁,241
係,242
促,243
俄,244
俅,245
俊,246
俎,247
俏,248
俐,249
俑,250
俗,251
俘,252
俚,253
俜,254
保,255
俞,256
俟,257
俠,258
信,259
俣,260
俦,261
俨,262
俩,263
俪,264
俭,265
修,266
俯,267
俱,268
俳,269
俸,270
俺,271
俾,272
倀,273
倆,274
倉,275
個,276
倌,277
倍,278
倏,279
們,280
倒,281
倔,282
倘,283
候,284
倚,285
倜,286
借,287
倡,288
倥,289
倦,290
倨,291
倩,292
倪,293
倫,294
倬,295
倭,296
倮,297
债,298
值,299
倾,300
偃,301
假,302
偈,303
偉,304
偌,305
偎,306
偏,307
偕,308
做,309
停,310
健,311
偬,312
側,313
偵,314
偶,315
偷,316
偻,317
偽,318
偾,319
偿,320
傀,321
傅,322
傈,323
傍,324
傑,325
傖,326
傘,327
備,328
傣,329
傥,330
傧,331
储,332
催,333
傭,334
傯,335
傲,336
傳,337
傴,338
債,339
傷,340
傺,341
傻,342
傾,343
僂,344
僅,345
僉,346
像,347
僑,348
僕,349
僖,350
僚,351
僞,352
僥,353
僦,354
僧,355
僨,356
僬,357
僭,358
僮,359
僳,360
僵,361
價,362
僻,363
儀,364
儂,365
億,366
儆,367
儇,368
儈,369
儉,370
儋,371
儐,372
儒,373
儔,374
儕,375
儘,376
償,377
儡,378
優,379
儲,380
儷,381
儻,382
儼,383
儿,384
兀,385
允,386
元,387
兄,388
充,389
兆,390
先,391
光,392
克,393
兌,394
免,395
兑,396
兒,397
兔,398
兕,399
兖,400
兗,401
党,402
兜,403
兢,404
入,405
內,406
全,407
兩,408
八,409
公,410
六,411
兮,412
兰,413
共,414
关,415
兴,416
兵,417
其,418
具,419
典,420
兹,421
养,422
兼,423
兽,424
冀,425
冁,426
冂,427
内,428
冈,429
冉,430
冊,431
册,432
再,433
冒,434
冕,435
冗,436
写,437
军,438
农,439
冠,440
冢,441
冤,442
冥,443
冪,444
冫,445
冬,446
冯,447
冰,448
冱,449
冲,450
决,451
况,452
冶,453
冷,454
冻,455
冼,456
冽,457
净,458
凄,459
准,460
凇,461
凈,462
凉,463
凋,464
凍,465
减,466
凑,467
凛,468
凜,469
凝,470
几,471
凡,472
凤,473
凫,474
凭,475
凯,476
凰,477
凱,478
凳,479
凵,480
凶,481
凸,482
凹,483
出,484
击,485
凼,486
函,487
凿,488
刀,489
刁,490
刂,491
刃,492
分,493
切,494
刈,495
刊,496
刍,497
刎,498
刑,499
划,500
刖,501
列,502
刘,503
则,504
刚,505
创,506
初,507
删,508
判,509
別,510
刨,511
利,512
刪,513
别,514
刭,515
刮,516
到,517
刳,518
制,519
刷,520
券,521
刹,522
刺,523
刻,524
刽,525
刿,526
剀,527
剁,528
剂,529
剃,530
剄,531
則,532
削,533
剋,534
剌,535
前,536
剎,537
剐,538
剑,539
剔,540
剖,541
剛,542
剜,543
剝,544
剞,545
剡,546
剥,547
剧,548
剩,549
剪,550
剮,551
副,552
割,553
剴,554
創,555
剽,556
剿,557
劁,558
劂,559
劃,560
劇,561
劉,562
劊,563
劌,564
劍,565
劐,566
劑,567
劓,568
力,569
劝,570
办,571
功,572
加,573
务,574
劢,575
劣,576
动,577
助,578
努,579
劫,580
劬,581
劭,582
励,583
劲,584
劳,585
劾,586
势,587
勁,588
勃,589
勇,590
勉,591
勋,592
勒,593
動,594
勖,595
勘,596
務,597
勛,598
勝,599
勞,600
募,601
勢,602
勤,603
勰,604
勱,605
勵,606
勸,607
勺,608
勻,609
勾,610
勿,611
匀,612
包,613
匆,614
匈,615
匍,616
匏,617
匐,618
匕,619
化,620
北,621
匙,622
匝,623
匠,624
匡,625
匣,626
匦,627
匪,628
匭,629
匮,630
匯,631
匱,632
匹,633
区,634
医,635
匾,636
匿,637
區,638
十,639
千,640
卅,641
升,642
午,643
卉,644
半,645
华,646
协,647
卑,648
卒,649
卓,650
協,651
单,652
卖,653
南,654
博,655
卜,656
卞,657
卟,658
占,659
卡,660
卢,661
卣,662
卤,663
卦,664
卧,665
卩,666
卫,667
卮,668
卯,669
印,670
危,671
即,672
却,673
卵,674
卷,675
卸,676
卺,677
卻,678
卿,679
厂,680
厄,681
厅,682
历,683
厉,684
压,685
厌,686
厍,687
厕,688
厘,689
厙,690
厚,691
厝,692
原,693
厠,694
厢,695
厣,696
厥,697
厦,698
厨,699
厩,700
厭,701
厮,702
厲,703
厴,704
厶,705
去,706
县,707
叁,708
参,709
參,710
叄,711
又,712
叉,713
及,714
友,715
双,716
反,717
发,718
叔,719
取,720
受,721
变,722
叙,723
叛,724
叟,725
叢,726
口,727
古,728
句,729
另,730
叨,731
叩,732
只,733
叫,734
召,735
叭,736
叮,737
可,738
台,739
叱,740
史,741
右,742
叵,743
叶,744
号,745
司,746
叹,747
叻,748
叼,749
叽,750
吁,751
吃,752
各,753
吆,754
合,755
吉,756
吊,757
同,758
名,759
后,760
吏,761
吐,762
向,763
吒,764
吓,765
吕,766
吖,767
吗,768
君,769
吝,770
吞,771
吟,772
吠,773
吡,774
吣,775
否,776
吧,777
吨,778
吩,779
含,780
听,781
吭,782
吮,783
启,784
吱,785
吲,786
吳,787
吴,788
吵,789
吶,790
吸,791
吹,792
吻,793
吼,794
吾,795
呀,796
呂,797
呃,798
呆,799
呈,800
告,801
呋,802
呐,803
呒,804
呓,805
呔,806
呕,807
呖,808
员,809
呛,810
呜,811
呢,812
呤,813
呦,814
周,815
呱,816
味,817
呵,818
呶,819
呷,820
呸,821
呻,822
呼,823
命,824
咀,825
咂,826
咄,827
咆,828
咋,829
和,830
咎,831
咏,832
咐,833
咒,834
咔,835
咕,836
咖,837
咙,838
咚,839
咛,840
咝,841
咣,842
咦,843
咧,844
咨,845
咩,846
咪,847
咫,848
咬,849
咭,850
咯,851
咱,852
咳,853
咴,854
咸,855
咻,856
咽,857
咿,858
哀,859
品,860
哂,861
哄,862
哆,863
哇,864
哈,865
哉,866
哌,867
响,868
哎,869
哏,870
哑,871
哒,872
哓,873
哔,874
哕,875
哗,876
哙,877
哚,878
哜,879
哝,880
哞,881
哟,882
員,883
哥,884
哦,885
哧,886
哨,887
哩,888
哪,889
哭,890
哮,891
哲,892
哳,893
哺,894
哼,895
哽,896
哿,897
唁,898
唆,899
唇,900
唉,901
唏,902
唐,903
唑,904
唔,905
唚,906
唛,907
唠,908
唢,909
唤,910
唧,911
唪,912
唬,913
售,914
唯,915
唰,916
唱,917
唳,918
唷,919
唾,920
唿,921
啁,922
啃,923
啄,924
商,925
啉,926
啊,927
問,928
啐,929
啓,930
啕,931
啖,932
啜,933
啞,934
啟,935
啡,936
啤,937
啥,938
啦,939
啧,940
啪,941
啬,942
啭,943
啮,944
啶,945
啷,946
啸,947
啻,948
啼,949
啾,950
喀,951
喁,952
喂,953
喃,954
善,955
喇,956
喈,957
喉,958
喊,959
喋,960
喏,961
喑,962
喔,963
喘,964
喙,965
喚,966
喜,967
喝,968
喟,969
喧,970
喪,971
喬,972
單,973
喱,974
喲,975
喳,976
喵,977
喷,978
喹,979
喻,980
喽,981
喾,982
嗄,983
嗅,984
嗆,985
嗇,986
嗉,987
嗌,988
嗍,989
嗎,990
嗑,991
嗒,992
嗓,993
嗔,994
嗖,995
嗚,996
嗜,997
嗝,998
嗟,999
嗡,1000
嗣,1001
嗤,1002
嗥,1003
嗦,1004
嗨,1005
嗩,1006
嗪,1007
嗫,1008
嗬,1009
嗯,1010
嗳,1011
嗵,1012
嗶,1013
嗷,1014
嗽,1015
嗾,1016
嘀,1017
嘁,1018
嘆,1019
嘈,1020
嘉,1021
嘌,1022
嘍,1023
嘎,1024
嘏,1025
嘔,1026
嘖,1027
嘗,1028
嘘,1029
嘛,1030
嘜,1031
嘞,1032
嘟,1033
嘣,1034
嘤,1035
嘩,1036
嘬,1037
嘭,1038
嘮,1039
嘯,1040
嘰,1041
嘱,1042
嘲,1043
嘴,1044
嘵,1045
嘶,1046
嘸,1047
嘹,1048
嘻,1049
嘿,1050
噌,1051
噍,1052
噎,1053
噓,1054
噔,1055
噗,1056
噘,1057
噙,1058
噜,1059
噝,1060
噠,1061
噢,1062
噤,1063
噥,1064
噦,1065
器,1066
噩,1067
噪,1068
噫,1069
噬,1070
噯,1071
噱,1072
噲,1073
噴,1074
噶,1075
噸,1076
噹,1077
噼,1078
嚀,1079
嚅,1080
嚆,1081
嚇,1082
嚌,1083
嚎,1084
嚏,1085
嚓,1086
嚕,1087
嚙,1088
嚣,1089
嚦,1090
嚨,1091
嚯,1092
嚳,1093
嚴,1094
嚶,1095
嚷,1096
嚼,1097
囀,1098
囁,1099
囂,1100
囅,1101
囈,1102
囊,1103
囑,1104
囔,1105
囗,1106
囚,1107
四,1108
囝,1109
回,1110
囟,1111
因,1112
囡,1113
团,1114
囤,1115
囪,1116
囫,1117
园,1118
困,1119
囱,1120
围,1121
囵,1122
囹,1123
固,1124
国,1125
图,1126
圆,1127
圇,1128
圈,1129
圉,1130
圊,1131
圓,1132
圩,1133
圬,1134
圮,1135
圯,1136
圳,1137
圹,1138
场,1139
圻,1140
圾,1141
址,1142
坂,1143
均,1144
坊,1145
坌,1146
坍,1147
坎,1148
坏,1149
坐,1150
坑,1151
块,1152
坚,1153
坛,1154
坜,1155
坝,1156
坞,1157
坟,1158
坠,1159
坡,1160
坤,1161
坦,1162
坨,1163
坪,1164
坫,1165
坭,1166
坯,1167
坳,1168
坶,1169
坷,1170
坻,1171
坼,1172
垂,1173
垃,1174
垄,1175
垅,1176
垆,1177
型,1178
垌,1179
垒,1180
垓,1181
垛,1182
垠,1183
垡,1184
垢,1185
垣,1186
垤,1187
垦,1188
垧,1189
垩,1190
垫,1191
垭,1192
垮,1193
垲,1194
垴,1195
垵,1196
垸,1197
埂,1198
埃,1199
埋,1200
城,1201
埏,1202
埒,1203
埔,1204
埕,1205
埘,1206
埙,1207
埚,1208
埝,1209
域,1210
埠,1211
埡,1212
埤,1213
埭,1214
埯,1215
埰,1216
埴,1217
執,1218
埸,1219
培,1220
基,1221
埽,1222
堀,1223
堂,1224
堅,1225
堆,1226
堇,1227
堊,1228
堋,1229
堍,1230
堑,1231
堕,1232
堖,1233
堙,1234
堝,1235
堞,1236
堠,1237
堡,1238
堤,1239
堪,1240
堯,1241
堰,1242
報,1243
場,1244
堵,1245
塄,1246
塊,1247
塋,1248
塌,1249
塍,1250
塏,1251
塑,1252
塒,1253
塔,1254
塗,1255
塘,1256
塞,1257
塢,1258
塤,1259
塥,1260
填,1261
塬,1262
塵,1263
塹,1264
塾,1265
墀,1266
墁,1267
境,1268
墅,1269
墉,1270
墊,1271
墒,1272
墓,1273
墙,1274
墚,1275
墜,1276
增,1277
墟,1278
墨,1279
墩,1280
墮,1281
墳,1282
墻,1283
墼,1284
墾,1285
壁,1286
壅,1287
壇,1288
壑,1289
壓,1290
壕,1291
壘,1292
壙,1293
壚,1294
壞,1295
壟,1296
壠,1297
壢,1298
壤,1299
壩,1300
士,1301
壬,1302
壮,1303
壯,1304
声,1305
壳,1306
壶,1307
壹,1308
壺,1309
壽,1310
夂,1311
处,1312
备,1313
复,1314
夏,1315
夔,1316
夕,1317
外,1318
夙,1319
多,1320
夜,1321
够,1322
夠,1323
夢,1324
夤,1325
大,1326
天,1327
太,1328
夫,1329
夭,1330
央,1331
夯,1332
失,1333
头,1334
夷,1335
夸,1336
夹,1337
夺,1338
夼,1339
夾,1340
奁,1341
奂,1342
奄,1343
奇,1344
奈,1345
奉,1346
奋,1347
奎,1348
奏,1349
奐,1350
契,1351
奔,1352
奕,1353
奖,1354
套,1355
奘,1356
奚,1357
奠,1358
奢,1359
奥,1360
奧,1361
奩,1362
奪,1363
奬,1364
奮,1365
女,1366
奴,1367
奶,1368
奸,1369
她,1370
奼,1371
好,1372
妁,1373
如,1374
妃,1375
妄,1376
妆,1377
妇,1378
妈,1379
妊,1380
妍,1381
妒,1382
妓,1383
妖,1384
妗,1385
妙,1386
妝,1387
妞,1388
妣,1389
妤,1390
妥,1391
妨,1392
妩,1393
妪,1394
妫,1395
妮,1396
妯,1397
妲,1398
妹,1399
妻,1400
妾,1401
姆,1402
姊,1403
始,1404
姍,1405
姐,1406
姑,1407
姒,1408
姓,1409
委,1410
姗,1411
姘,1412
姚,1413
姜,1414
姝,1415
姣,1416
姥,1417
姦,1418
姨,1419
姬,1420
姹,1421
姻,1422
姿,1423
威,1424
娃,1425
娄,1426
娅,1427
娆,1428
娇,1429
娈,1430
娉,1431
娌,1432
娑,1433
娓,1434
娘,1435
娛,1436
娜,1437
娟,1438
娠,1439
娣,1440
娥,1441
娩,1442
娱,1443
娲,1444
娴,1445
娶,1446
娼,1447
婀,1448
婁,1449
婆,1450
婉,1451
婊,1452
婕,1453
婚,1454
婢,1455
婦,1456
婧,1457
婪,1458
婭,1459
婴,1460
婵,1461
婶,1462
婷,1463
婺,1464
婿,1465
媒,1466
媚,1467
媛,1468
媧,1469
媪,1470
媯,1471
媲,1472
媳,1473
媵,1474
媸,1475
媼,1476
媽,1477
媾,1478
嫁,1479
嫂,1480
嫉,1481
嫌,1482
嫒,1483
嫔,1484
嫖,1485
嫗,1486
嫘,1487
嫜,1488
嫠,1489
嫡,1490
嫣,1491
嫦,1492
嫩,1493
嫫,1494
嫱,1495
嫵,1496
嫻,1497
嬀,1498
嬈,1499
嬉,1500
嬋,1501
嬌,1502
嬖,1503
嬗,1504
嬙,1505
嬡,1506
嬤,1507
嬪,1508
嬰,1509
嬲,1510
嬴,1511
嬷,1512
嬸,1513
孀,1514
孌,1515
子,1516
孑,1517
孓,1518
孔,1519
孕,1520
字,1521
存,1522
孙,1523
孚,1524
孛,1525
孜,1526
孝,1527
孟,1528
孢,1529
季,1530
孤,1531
孥,1532
学,1533
孩,1534
孪,1535
孫,1536
孬,1537
孰,1538
孱,1539
孳,1540
孵,1541
學,1542
孺,1543
孽,1544
孿,1545
宀,1546
宁,1547
它,1548
宄,1549
宅,1550
宇,1551
守,1552
安,1553
宋,1554
完,1555
宏,1556
宓,1557
宕,1558
宗,1559
官,1560
宙,1561
定,1562
宛,1563
宜,1564
宝,1565
实,1566
宠,1567
审,1568
客,1569
宣,1570
室,1571
宥,1572
宦,1573
宪,1574
宫,1575
宮,1576
宰,1577
害,1578
宴,1579
宵,1580
家,1581
宸,1582
容,1583
宽,1584
宾,1585
宿,1586
寂,1587
寄,1588
寅,1589
密,1590
寇,1591
富,1592
寐,1593
寒,1594
寓,1595
寝,1596
寞,1597
察,1598
寡,1599
寢,1600
寤,1601
寥,1602
實,1603
寧,1604
寨,1605
審,1606
寫,1607
寬,1608
寮,1609
寰,1610
寵,1611
寶,1612
寸,1613
对,1614
寺,1615
寻,1616
导,1617
寿,1618
封,1619
射,1620
将,1621
將,1622
專,1623
尉,1624
尊,1625
對,1626
導,1627
小,1628
少,1629
尔,1630
尕,1631
尖,1632
尘,1633
尚,1634
尜,1635
尝,1636
尢,1637
尤,1638
尧,1639
尬,1640
就,1641
尴,1642
尷,1643
尸,1644
尹,1645
尺,1646
尻,1647
尼,1648
尽,1649
尾,1650
尿,1651
局,1652
屁,1653
层,1654
居,1655
屆,1656
屈,1657
屉,1658
届,1659
屋,1660
屍,1661
屎,1662
屏,1663
屐,1664
屑,1665
展,1666
屜,1667
属,1668
屠,1669
屡,1670
屢,1671
屣,1672
層,1673
履,1674
屦,1675
屨,1676
屬,1677
屮,1678
屯,1679
山,1680
屹,1681
屺,1682
屿,1683
岁,1684
岂,1685
岈,1686
岌,1687
岍,1688
岐,1689
岑,1690
岔,1691
岖,1692
岗,1693
岘,1694
岙,1695
岚,1696
岛,1697
岜,1698
岡,1699
岢,1700
岣,1701
岩,1702
岫,1703
岬,1704
岭,1705
岱,1706
岳,1707
岵,1708
岷,1709
岸,1710
岽,1711
岿,1712
峁,1713
峄,1714
峋,1715
峒,1716
峙,1717
峡,1718
峤,1719
峥,1720
峦,1721
峨,1722
峪,1723
峭,1724
峰,1725
峴,1726
島,1727
峻,1728
峽,1729
崂,1730
崃,1731
崆,1732
崇,1733
崍,1734
崎,1735
崔,1736
崖,1737
崗,1738
崛,1739
崞,1740
崢,1741
崤,1742
崦,1743
崧,1744
崩,1745
崬,1746
崭,1747
崮,1748
崴,1749
崽,1750
崾,1751
嵇,1752
嵊,1753
嵋,1754
嵌,1755
嵐,1756
嵘,1757
嵛,1758
嵝,1759
嵩,1760
嵫,1761
嵬,1762
嵯,1763
嵴,1764
嶁,1765
嶂,1766
嶄,1767
嶇,1768
嶗,1769
嶙,1770
嶝,1771
嶠,1772
嶧,1773
嶴,1774
嶷,1775
嶸,1776
嶺,1777
嶼,1778
巅,1779
巋,1780
巍,1781
巒,1782
巔,1783
巛,1784
川,1785
州,1786
巡,1787
巢,1788
工,1789
左,1790
巧,1791
巨,1792
巩,1793
巫,1794
差,1795
己,1796
已,1797
巳,1798
巴,1799
巷,1800
巽,1801
巾,1802
币,1803
市,1804
布,1805
帅,1806
帆,1807
师,1808
希,1809
帏,1810
帐,1811
帑,1812
帔,1813
帕,1814
帖,1815
帘,1816
帙,1817
帚,1818
帛,1819
帜,1820
帝,1821
帥,1822
带,1823
帧,1824
師,1825
席,1826
帮,1827
帱,1828
帳,1829
帶,1830
帷,1831
常,1832
帻,1833
帼,1834
帽,1835
幀,1836
幂,1837
幃,1838
幄,1839
幅,1840
幌,1841
幔,1842
幕,1843
幗,1844
幘,1845
幛,1846
幞,1847
幟,1848
幡,1849
幢,1850
幣,1851
幫,1852
幬,1853
干,1854
平,1855
年,1856
并,1857
幸,1858
幹,1859
幺,1860
幻,1861
幼,1862
幽,1863
幾,1864
广,1865
庀,1866
庄,1867
庆,1868
庇,1869
床,1870
庋,1871
序,1872
庐,1873
庑,1874
库,1875
应,1876
底,1877
庖,1878
店,1879
庙,1880
庚,1881
府,1882
庞,1883
废,1884
庠,1885
庥,1886
度,1887
座,1888
庫,1889
庭,1890
庳,1891
庵,1892
庶,1893
康,1894
庸,1895
庹,1896
庾,1897
廁,1898
廂,1899
廄,1900
廈,1901
廉,1902
廊,1903
廑,1904
廒,1905
廓,1906
廖,1907
廚,1908
廛,1909
廝,1910
廟,1911
廠,1912
廡,1913
廢,1914
廣,1915
廩,1916
廪,1917
廬,1918
廳,1919
廴,1920
延,1921
廷,1922
建,1923
廾,1924
廿,1925
开,1926
弁,1927
异,1928
弃,1929
弄,1930
弈,1931
弊,1932
弋,1933
式,1934
弑,1935
弒,1936
弓,1937
引,1938
弗,1939
弘,1940
弛,1941
弟,1942
张,1943
弥,1944
弦,1945
弧,1946
弩,1947
弪,1948
弭,1949
弯,1950
弱,1951
弳,1952
張,1953
強,1954
弹,1955
强,1956
弼,1957
彀,1958
彈,1959
彌,1960
彎,1961
彐,1962
归,1963
当,1964
录,1965
彖,1966
彗,1967
彘,1968
彙,1969
彝,1970
彡,1971
形,1972
彤,1973
彥,1974
彦,1975
彩,1976
彪,1977
彬,1978
彭,1979
彰,1980
影,1981
彳,1982
彷,1983
役,1984
彻,1985
彼,1986
往,1987
征,1988
徂,1989
径,1990
待,1991
徇,1992
很,1993
徉,1994
徊,1995
律,1996
後,1997
徐,1998
徑,1999
徒,2000
徕,2001
得,2002
徘,2003
徙,2004
徜,2005
從,2006
徠,2007
御,2008
徨,2009
復,2010
循,2011
徭,2012
微,2013
德,2014
徹,2015
徼,2016
徽,2017
心,2018
忄,2019
必,2020
忆,2021
忉,2022
忌,2023
忍,2024
忏,2025
忐,2026
忑,2027
忒,2028
忖,2029
志,2030
忘,2031
忙,2032
忝,2033
忠,2034
忡,2035
忤,2036
忧,2037
忪,2038
快,2039
忭,2040
忮,2041
忱,2042
念,2043
忸,2044
忻,2045
忽,2046
忾,2047
忿,2048
怀,2049
态,2050
怂,2051
怃,2052
怄,2053
怅,2054
怆,2055
怊,2056
怍,2057
怎,2058
怏,2059
怒,2060
怔,2061
怕,2062
怖,2063
怙,2064
怛,2065
怜,2066
思,2067
怠,2068
怡,2069
急,2070
怦,2071
性,2072
怨,2073
怩,2074
怪,2075
怫,2076
怯,2077
总,2078
怼,2079
怿,2080
恁,2081
恂,2082
恃,2083
恆,2084
恋,2085
恍,2086
恐,2087
恒,2088
恕,2089
恙,2090
恚,2091
恝,2092
恢,2093
恣,2094
恤,2095
恥,2096
恧,2097
恨,2098
恩,2099
恪,2100
恫,2101
恬,2102
恭,2103
息,2104
恰,2105
恳,2106
恶,2107
恸,2108
恹,2109
恺,2110
恻,2111
恼,2112
恽,2113
恿,2114
悃,2115
悄,2116
悅,2117
悉,2118
悌,2119
悍,2120
悒,2121
悔,2122
悖,2123
悚,2124
悛,2125
悝,2126
悟,2127
悠,2128
患,2129
悦,2130
您,2131
悫,2132
悬,2133
悭,2134
悯,2135
悱,2136
悲,2137
悴,2138
悵,2139
悶,2140
悸,2141
悻,2142
悼,2143
情,2144
惆,2145
惊,2146
惋,2147
惑,2148
惕,2149
惘,2150
惚,2151
惜,2152
惝,2153
惟,2154
惠,2155
惡,2156
惦,2157
惧,2158
惨,2159
惩,2160
惫,2161
惬,2162
惭,2163
惮,2164
惯,2165
惰,2166
惱,2167
惲,2168
想,2169
惴,2170
惶,2171
惹,2172
惺,2173
惻,2174
愀,2175
愁,2176
愆,2177
愈,2178
愉,2179
愍,2180
愎,2181
意,2182
愕,2183
愚,2184
愛,2185
愜,2186
感,2187
愠,2188
愣,2189
愤,2190
愦,2191
愧,2192
愨,2193
愫,2194
愴,2195
愷,2196
愾,2197
愿,2198
慄,2199
慈,2200
慊,2201
態,2202
慌,2203
慍,2204
慎,2205
慑,2206
慕,2207
慘,2208
慚,2209
慝,2210
慟,2211
慢,2212
慣,2213
慤,2214
慧,2215
慨,2216
慪,2217
慫,2218
慮,2219
慰,2220
慳,2221
慵,2222
慶,2223
慷,2224
憂,2225
憊,2226
憋,2227
憎,2228
憐,2229
憑,2230
憒,2231
憔,2232
憚,2233
憝,2234
憤,2235
憧,2236
憨,2237
憩,2238
憫,2239
憬,2240
憮,2241
憲,2242
憶,2243
憷,2244
憾,2245
懂,2246
懇,2247
懈,2248
應,2249
懊,2250
懋,2251
懌,2252
懍,2253
懑,2254
懒,2255
懔,2256
懟,2257
懣,2258
懦,2259
懨,2260
懲,2261
懵,2262
懶,2263
懷,2264
懸,2265
懺,2266
懼,2267
懾,2268
懿,2269
戀,2270
戆,2271
戇,2272
戈,2273
戊,2274
戋,2275
戌,2276
戍,2277
戎,2278
戏,2279
成,2280
我,2281
戒,2282
戔,2283
戕,2284
或,2285
戗,2286
战,2287
戚,2288
戛,2289
戟,2290
戡,2291
戢,2292
戤,2293
戥,2294
戧,2295
戩,2296
截,2297
戬,2298
戮,2299
戰,2300
戲,2301
戳,2302
戴,2303
戶,2304
户,2305
戽,2306
戾,2307
房,2308
所,2309
扁,2310
扃,2311
扇,2312
扈,2313
扉,2314
手,2315
扌,2316
才,2317
扎,2318
扑,2319
扒,2320
打,2321
扔,2322
托,2323
扛,2324
扣,2325
扦,2326
执,2327
扩,2328
扪,2329
扫,2330
扬,2331
扭,2332
扮,2333
扯,2334
扰,2335
扳,2336
扶,2337
批,2338
扼,2339
找,2340
承,2341
技,2342
抄,2343
抉,2344
把,2345
抑,2346
抒,2347
抓,2348
投,2349
抖,2350
抗,2351
折,2352
抚,2353
抛,2354
抟,2355
抠,2356
抡,2357
抢,2358
护,2359
报,2360
抨,2361
披,2362
抬,2363
抱,2364
抵,2365
抹,2366
抻,2367
押,2368
抽,2369
抿,2370
拂,2371
拄,2372
担,2373
拆,2374
拇,2375
拈,2376
拉,2377
拊,2378
拋,2379
拌,2380
拍,2381
拎,2382
拐,2383
拒,2384
拓,2385
拔,2386
拖,2387
拗,2388
拘,2389
拙,2390
拚,2391
招,2392
拜,2393
拟,2394
拢,2395
拣,2396
拥,2397
拦,2398
拧,2399
拨,2400
择,2401
括,2402
拭,2403
拮,2404
拯,2405
拱,2406
拳,2407
拴,2408
拶,2409
拷,2410
拼,2411
拽,2412
拾,2413
拿,2414
持,2415
挂,2416
指,2417
挈,2418
按,2419
挎,2420
挑,2421
挖,2422
挚,2423
挛,2424
挝,2425
挞,2426
挟,2427
挠,2428
挡,2429
挢,2430
挣,2431
挤,2432
挥,2433
挨,2434
挪,2435
挫,2436
振,2437
挲,2438
挹,2439
挺,2440
挽,2441
挾,2442
捂,2443
捃,2444
捅,2445
捆,2446
捉,2447
捋,2448
捌,2449
捍,2450
捎,2451
捏,2452
捐,2453
捕,2454
捞,2455
损,2456
捡,2457
换,2458
捣,2459
捧,2460
捨,2461
捩,2462
捫,2463
捭,2464
据,2465
捱,2466
捶,2467
捷,2468
捺,2469
捻,2470
掀,2471
掂,2472
掃,2473
掄,2474
掇,2475
授,2476
掉,2477
掊,2478
掌,2479
掎,2480
掏,2481
掐,2482
排,2483
掖,2484
掘,2485
掙,2486
掛,2487
掠,2488
採,2489
探,2490
掣,2491
接,2492
控,2493
推,2494
掩,2495
措,2496
掬,2497
掭,2498
掮,2499
掰,2500
掳,2501
掴,2502
掷,2503
掸,2504
掺,2505
掼,2506
掾,2507
揀,2508
揄,2509
揆,2510
揉,2511
揍,2512
揎,2513
描,2514
提,2515
插,2516
揖,2517
揚,2518
換,2519
揞,2520
揠,2521
握,2522
揣,2523
揩,2524
揪,2525
揭,2526
揮,2527
援,2528
揶,2529
揸,2530
揽,2531
揿,2532
搀,2533
搁,2534
搂,2535
搅,2536
搋,2537
搌,2538
損,2539
搏,2540
搐,2541
搓,2542
搔,2543
搖,2544
搗,2545
搜,2546
搞,2547
搠,2548
搡,2549
搦,2550
搪,2551
搬,2552
搭,2553
搴,2554
搶,2555
携,2556
搽,2557
搿,2558
摁,2559
摄,2560
摅,2561
摆,2562
摇,2563
摈,2564
摊,2565
摑,2566
摒,2567
摔,2568
摘,2569
摜,2570
摞,2571
摟,2572
摧,2573
摩,2574
摭,2575
摯,2576
摳,2577
摶,2578
摸,2579
摹,2580
摺,2581
摻,2582
撂,2583
撄,2584
撇,2585
撈,2586
撐,2587
撑,2588
撒,2589
撓,2590
撕,2591
撖,2592
撙,2593
撞,2594
撟,2595
撣,2596
撤,2597
撥,2598
撩,2599
撫,2600
撬,2601
播,2602
撮,2603
撰,2604
撲,2605
撳,2606
撵,2607
撷,2608
撸,2609
撺,2610
撻,2611
撼,2612
撾,2613
撿,2614
擀,2615
擁,2616
擂,2617
擄,2618
擅,2619
擇,2620
擊,2621
擋,2622
操,2623
擎,2624
擐,2625
擒,2626
擔,2627
擗,2628
擘,2629
據,2630
擞,2631
擠,2632
擢,2633
擤,2634
擦,2635
擬,2636
擯,2637
擰,2638
擱,2639
擲,2640
擴,2641
擷,2642
擺,2643
擻,2644
擼,2645
擾,2646
攀,2647
攄,2648
攆,2649
攉,2650
攏,2651
攒,2652
攔,2653
攖,2654
攘,2655
攙,2656
攛,2657
攜,2658
攝,2659
攢,2660
攣,2661
攤,2662
攥,2663
攪,2664
攫,2665
攬,2666
攮,2667
支,2668
攴,2669
攵,2670
收,2671
攸,2672
改,2673
攻,2674
放,2675
政,2676
故,2677
效,2678
敉,2679
敌,2680
敏,2681
救,2682
敕,2683
敖,2684
敗,2685
敘,2686
教,2687
敛,2688
敝,2689
敞,2690
敢,2691
散,2692
敦,2693
敫,2694
敬,2695
数,2696
敲,2697
整,2698
敵,2699
敷,2700
數,2701
斂,2702
斃,2703
文,2704
斋,2705
斌,2706
斐,2707
斑,2708
斓,2709
斕,2710
斗,2711
料,2712
斛,2713
斜,2714
斟,2715
斡,2716
斤,2717
斥,2718
斧,2719
斩,2720
斫,2721
斬,2722
断,2723
斯,2724
新,2725
斷,2726
方,2727
於,2728
施,2729
旁,2730
旃,2731
旄,2732
旅,2733
旆,2734
旋,2735
旌,2736
旎,2737
族,2738
旒,2739
旖,2740
旗,2741
无,2742
既,2743
日,2744
旦,2745
旧,2746
旨,2747
早,2748
旬,2749
旭,2750
旮,2751
旯,2752
旰,2753
旱,2754
时,2755
旷,2756
旺,2757
昀,2758
昂,2759
昃,2760
昆,2761
昊,2762
昌,2763
明,2764
昏,2765
易,2766
昔,2767
昕,2768
昙,2769
昝,2770
星,2771
映,2772
春,2773
昧,2774
昨,2775
昭,2776
是,2777
昱,2778
昴,2779
昵,2780
昶,2781
昼,2782
显,2783
晁,2784
時,2785
晃,2786
晉,2787
晋,2788
晌,2789
晏,2790
晒,2791
晓,2792
晔,2793
晕,2794
晖,2795
晗,2796
晚,2797
晝,2798
晟,2799
晡,2800
晤,2801
晦,2802
晨,2803
普,2804
景,2805
晰,2806
晴,2807
晶,2808
晷,2809
智,2810
晾,2811
暂,2812
暄,2813
暇,2814
暈,2815
暉,2816
暌,2817
暑,2818
暖,2819
暗,2820
暝,2821
暢,2822
暧,2823
暨,2824
暫,2825
暮,2826
暴,2827
暹,2828
暾,2829
曄,2830
曆,2831
曇,2832
曉,2833
曏,2834
曖,2835
曙,2836
曛,2837
曜,2838
曝,2839
曠,2840
曦,2841
曩,2842
曬,2843
曰,2844
曲,2845
曳,2846
更,2847
曷,2848
書,2849
曹,2850
曼,2851
曾,2852
替,2853
最,2854
會,2855
月,2856
有,2857
朊,2858
朋,2859
服,2860
朐,2861
朔,2862
朕,2863
朗,2864
望,2865
朝,2866
期,2867
朦,2868
朧,2869
木,2870
未,2871
末,2872
本,2873
札,2874
术,2875
朱,2876
朴,2877
朵,2878
机,2879
朽,2880
杀,2881
杂,2882
权,2883
杆,2884
杈,2885
杉,2886
杌,2887
李,2888
杏,2889
材,2890
村,2891
杓,2892
杖,2893
杜,2894
杞,2895
束,2896
杠,2897
条,2898
来,2899
杨,2900
杩,2901
杪,2902
杭,2903
杯,2904
杰,2905
東,2906
杲,2907
杳,2908
杴,2909
杵,2910
杷,2911
杼,2912
松,2913
板,2914
极,2915
构,2916
枇,2917
枉,2918
枋,2919
析,2920
枕,2921
林,2922
枘,2923
枚,2924
果,2925
枝,2926
枞,2927
枢,2928
枣,2929
枥,2930
枧,2931
枨,2932
枪,2933
枫,2934
枭,2935
枯,2936
枰,2937
枳,2938
枵,2939
架,2940
枷,2941
枸,2942
柁,2943
柃,2944
柄,2945
柏,2946
某,2947
柑,2948
柒,2949
染,2950
柔,2951
柘,2952
柙,2953
柚,2954
柜,2955
柝,2956
柞,2957
柠,2958
柢,2959
查,2960
柩,2961
柬,2962
柯,2963
柰,2964
柱,2965
柳,2966
柴,2967
柵,2968
柽,2969
柿,2970
栀,2971
栅,2972
标,2973
栈,2974
栉,2975
栊,2976
栋,2977
栌,2978
栎,2979
栏,2980
树,2981
栓,2982
栖,2983
栗,2984
栝,2985
校,2986
栩,2987
株,2988
栲,2989
栳,2990
样,2991
核,2992
根,2993
格,2994
栽,2995
栾,2996
桀,2997
桁,2998
桂,2999
桃,3000
桄,3001
桅,3002
框,3003
桉,3004
桊,3005
桌,3006
桎,3007
桐,3008
桑,3009
桓,3010
桔,3011
桕,3012
桠,3013
桡,3014
桢,3015
档,3016
桤,3017
桥,3018
桦,3019
桧,3020
桨,3021
桩,3022
桫,3023
桴,3024
桶,3025
桷,3026
桿,3027
梁,3028
梃,3029
梅,3030
梆,3031
梏,3032
梓,3033
梔,3034
梗,3035
梘,3036
條,3037
梟,3038
梢,3039
梦,3040
梧,3041
梨,3042
梭,3043
梯,3044
械,3045
梳,3046
梵,3047
检,3048
棂,3049
棄,3050
棉,3051
棋,3052
棍,3053
棒,3054
棕,3055
棖,3056
棗,3057
棘,3058
棚,3059
棟,3060
棠,3061
棣,3062
棧,3063
森,3064
棰,3065
棱,3066
棲,3067
棵,3068
棹,3069
棺,3070
棼,3071
椁,3072
椅,3073
椋,3074
植,3075
椎,3076
椏,3077
椐,3078
椒,3079
椟,3080
椠,3081
椤,3082
椭,3083
椰,3084
椴,3085
椹,3086
椽,3087
椿,3088
楂,3089
楊,3090
楓,3091
楔,3092
楗,3093
楚,3094
楝,3095
楠,3096
楣,3097
楦,3098
楨,3099
楫,3100
業,3101
楮,3102
楱,3103
極,3104
楷,3105
楸,3106
楹,3107
楼,3108
榀,3109
概,3110
榄,3111
榆,3112
榇,3113
榈,3114
榉,3115
榍,3116
榔,3117
榕,3118
榘,3119
榛,3120
榜,3121
榧,3122
榨,3123
榪,3124
榫,3125
榭,3126
榮,3127
榱,3128
榴,3129
榷,3130
榻,3131
榿,3132
槊,3133
構,3134
槌,3135
槍,3136
槎,3137
槐,3138
槔,3139
槛,3140
槟,3141
槠,3142
槧,3143
槨,3144
槭,3145
槲,3146
槳,3147
槽,3148
槿,3149
樁,3150
樂,3151
樅,3152
樊,3153
樓,3154
樗,3155
樘,3156
標,3157
樞,3158
樟,3159
模,3160
樣,3161
樨,3162
横,3163
樯,3164
樱,3165
樵,3166
樸,3167
樹,3168
樺,3169
樽,3170
樾,3171
橄,3172
橇,3173
橈,3174
橋,3175
橐,3176
橘,3177
橙,3178
橛,3179
機,3180
橡,3181
橢,3182
橥,3183
橫,3184
橱,3185
橹,3186
橼,3187
檀,3188
檁,3189
檄,3190
檉,3191
檎,3192
檐,3193
檑,3194
檔,3195
檗,3196
檜,3197
檠,3198
檢,3199
檣,3200
檩,3201
檫,3202
檬,3203
檯,3204
檳,3205
檸,3206
檻,3207
櫃,3208
櫓,3209
櫚,3210
櫛,3211
櫝,3212
櫞,3213
櫟,3214
櫥,3215
櫧,3216
櫨,3217
櫪,3218
櫫,3219
櫬,3220
櫱,3221
櫳,3222
櫸,3223
櫻,3224
欄,3225
權,3226
欏,3227
欒,3228
欖,3229
欞,3230
欠,3231
次,3232
欢,3233
欣,3234
欤,3235
欧,3236
欲,3237
欷,3238
欹,3239
欺,3240
欽,3241
款,3242
歃,3243
歆,3244
歇,3245
歉,3246
歌,3247
歐,3248
歙,3249
歟,3250
歡,3251
止,3252
正,3253
此,3254
步,3255
武,3256
歧,3257
歪,3258
歲,3259
歷,3260
歸,3261
歹,3262
死,3263
歼,3264
歿,3265
殁,3266
殂,3267
殃,3268
殄,3269
殆,3270
殇,3271
殉,3272
殊,3273
残,3274
殍,3275
殒,3276
殓,3277
殖,3278
殘,3279
殚,3280
殛,3281
殞,3282
殡,3283
殤,3284
殪,3285
殫,3286
殮,3287
殯,3288
殲,3289
殳,3290
殴,3291
段,3292
殷,3293
殺,3294
殻,3295
殼,3296
殿,3297
毀,3298
毁,3299
毂,3300
毅,3301
毆,3302
毋,3303
母,3304
每,3305
毒,3306
毓,3307
比,3308
毕,3309
毖,3310
毗,3311
毙,3312
毛,3313
毡,3314
毪,3315
毫,3316
毯,3317
毳,3318
毵,3319
毹,3320
毽,3321
毿,3322
氂,3323
氅,3324
氆,3325
氇,3326
氈,3327
氌,3328
氍,3329
氏,3330
氐,3331
民,3332
氓,3333
气,3334
氕,3335
氖,3336
氘,3337
氙,3338
氚,3339
氛,3340
氟,3341
氡,3342
氢,3343
氣,3344
氤,3345
氦,3346
氧,3347
氨,3348
氩,3349
氪,3350
氫,3351
氬,3352
氮,3353
氯,3354
氰,3355
氲,3356
氳,3357
水,3358
氵,3359
永,3360
氽,3361
汀,3362
汁,3363
求,3364
汆,3365
汇,3366
汉,3367
汊,3368
汐,3369
汔,3370
汕,3371
汗,3372
汛,3373
汜,3374
汝,3375
汞,3376
江,3377
池,3378
污,3379
汤,3380
汨,3381
汩,3382
汪,3383
汰,3384
汲,3385
汴,3386
汶,3387
汹,3388
決,3389
汽,3390
汾,3391
沁,3392
沂,3393
沃,3394
沅,3395
沆,3396
沈,3397
沉,3398
沌,3399
沏,3400
沐,3401
沒,3402
沓,3403
沔,3404
沖,3405
沙,3406
沛,3407
沟,3408
没,3409
沣,3410
沤,3411
沥,3412
沦,3413
沧,3414
沩,3415
沪,3416
沫,3417
沭,3418
沮,3419
沱,3420
沲,3421
河,3422
沸,3423
油,3424
治,3425
沼,3426
沽,3427
沾,3428
沿,3429
況,3430
泄,3431
泅,3432
泉,3433
泊,3434
泌,3435
泐,3436
泓,3437
泔,3438
法,3439
泖,3440
泗,3441
泛,3442
泞,3443
泠,3444
泡,3445
波,3446
泣,3447
泥,3448
注,3449
泪,3450
泫,3451
泮,3452
泯,3453
泰,3454
泱,3455
泳,3456
泵,3457
泶,3458
泷,3459
泸,3460
泺,3461
泻,3462
泼,3463
泽,3464
泾,3465
洁,3466
洄,3467
洇,3468
洋,3469
洌,3470
洎,3471
洒,3472
洗,3473
洙,3474
洚,3475
洛,3476
洞,3477
津,3478
洧,3479
洪,3480
洫,3481
洮,3482
洱,3483
洲,3484
洳,3485
洵,3486
洶,3487
洹,3488
活,3489
洼,3490
洽,3491
派,3492
流,3493
浃,3494
浅,3495
浆,3496
浇,3497
浈,3498
浊,3499
测,3500
浍,3501
济,3502
浏,3503
浑,3504
浒,3505
浓,3506
浔,3507
浙,3508
浚,3509
浜,3510
浞,3511
浠,3512
浣,3513
浦,3514
浩,3515
浪,3516
浮,3517
浯,3518
浴,3519
海,3520
浸,3521
浹,3522
浼,3523
涂,3524
涅,3525
涇,3526
消,3527
涉,3528
涌,3529
涎,3530
涑,3531
涓,3532
涔,3533
涕,3534
涛,3535
涝,3536
涞,3537
涟,3538
涠,3539
涡,3540
涣,3541
涤,3542
润,3543
涧,3544
涨,3545
涩,3546
涪,3547
涫,3548
涮,3549
涯,3550
液,3551
涵,3552
涸,3553
涼,3554
涿,3555
淀,3556
淄,3557
淅,3558
淆,3559
淇,3560
淋,3561
淌,3562
淑,3563
淖,3564
淘,3565
淙,3566
淚,3567
淝,3568
淞,3569
淠,3570
淤,3571
淥,3572
淦,3573
淪,3574
淫,3575
淬,3576
淮,3577
深,3578
淳,3579
淵,3580
淶,3581
淹,3582
淺,3583
添,3584
淼,3585
清,3586
渊,3587
渌,3588
渍,3589
渎,3590
渐,3591
渑,3592
渔,3593
渖,3594
渗,3595
渙,3596
渚,3597
減,3598
渝,3599
渠,3600
渡,3601
渣,3602
渤,3603
渥,3604
渦,3605
温,3606
渫,3607
測,3608
渭,3609
港,3610
渲,3611
渴,3612
游,3613
渾,3614
湃,3615
湄,3616
湊,3617
湍,3618
湎,3619
湓,3620
湔,3621
湖,3622
湘,3623
湛,3624
湞,3625
湟,3626
湫,3627
湮,3628
湯,3629
湾,3630
湿,3631
溃,3632
溅,3633
溆,3634
溈,3635
溉,3636
溏,3637
源,3638
準,3639
溘,3640
溝,3641
溟,3642
溢,3643
溥,3644
溧,3645
溪,3646
溫,3647
溯,3648
溱,3649
溲,3650
溴,3651
溶,3652
溷,3653
溺,3654
溻,3655
溽,3656
滁,3657
滂,3658
滄,3659
滅,3660
滇,3661
滋,3662
滌,3663
滎,3664
滏,3665
滑,3666
滓,3667
滔,3668
滕,3669
滗,3670
滚,3671
滞,3672
滟,3673
滠,3674
满,3675
滢,3676
滤,3677
滥,3678
滦,3679
滨,3680
滩,3681
滬,3682
滯,3683
滲,3684
滴,3685
滷,3686
滸,3687
滹,3688
滾,3689
滿,3690
漁,3691
漂,3692
漆,3693
漉,3694
漏,3695
漓,3696
演,3697
漕,3698
漚,3699
漠,3700
漢,3701
漣,3702
漤,3703
漩,3704
漪,3705
漫,3706
漬,3707
漭,3708
漯,3709
漱,3710
漲,3711
漳,3712
漵,3713
漶,3714
漸,3715
漾,3716
漿,3717
潁,3718
潆,3719
潇,3720
潋,3721
潍,3722
潑,3723
潔,3724
潘,3725
潙,3726
潛,3727
潜,3728
潞,3729
潢,3730
潤,3731
潦,3732
潭,3733
潮,3734
潯,3735
潰,3736
潲,3737
潴,3738
潷,3739
潸,3740
潺,3741
潼,3742
潿,3743
澀,3744
澄,3745
澆,3746
澇,3747
澈,3748
澉,3749
澌,3750
澍,3751
澎,3752
澗,3753
澜,3754
澠,3755
澡,3756
澤,3757
澧,3758
澩,3759
澮,3760
澱,3761
澳,3762
澶,3763
澹,3764
激,3765
濁,3766
濂,3767
濃,3768
濉,3769
濑,3770
濒,3771
濕,3772
濘,3773
濞,3774
濟,3775
濠,3776
濡,3777
濤,3778
濫,3779
濮,3780
濯,3781
濰,3782
濱,3783
濺,3784
濼,3785
濾,3786
瀅,3787
瀆,3788
瀉,3789
瀏,3790
瀑,3791
瀕,3792
瀘,3793
瀚,3794
瀛,3795
瀝,3796
瀟,3797
瀠,3798
瀣,3799
瀦,3800
瀧,3801
瀨,3802
瀲,3803
瀵,3804
瀹,3805
瀾,3806
灃,3807
灄,3808
灌,3809
灏,3810
灑,3811
灕,3812
灘,3813
灝,3814
灞,3815
灠,3816
灣,3817
灤,3818
灧,3819
火,3820
灬,3821
灭,3822
灯,3823
灰,3824
灵,3825
灶,3826
灸,3827
灼,3828
災,3829
灾,3830
灿,3831
炀,3832
炅,3833
炉,3834
炊,3835
炎,3836
炒,3837
炔,3838
炕,3839
炖,3840
炙,3841
炜,3842
炝,3843
炫,3844
炬,3845
炭,3846
炮,3847
炯,3848
炱,3849
炳,3850
炷,3851
炸,3852
点,3853
為,3854
炻,3855
炼,3856
炽,3857
烀,3858
烁,3859
烂,3860
烃,3861
烈,3862
烊,3863
烏,3864
烘,3865
烙,3866
烛,3867
烟,3868
烤,3869
烦,3870
烧,3871
烨,3872
烩,3873
烫,3874
烬,3875
热,3876
烯,3877
烴,3878
烷,3879
烹,3880
烽,3881
焉,3882
焊,3883
焐,3884
焓,3885
焕,3886
焖,3887
焘,3888
焙,3889
焚,3890
無,3891
焦,3892
焯,3893
焰,3894
焱,3895
然,3896
煅,3897
煉,3898
煊,3899
煌,3900
煎,3901
煒,3902
煙,3903
煜,3904
煞,3905
煢,3906
煤,3907
煥,3908
煦,3909
照,3910
煨,3911
煩,3912
煬,3913
煮,3914
煲,3915
煳,3916
煸,3917
煺,3918
煽,3919
熄,3920
熊,3921
熏,3922
熒,3923
熔,3924
熗,3925
熘,3926
熙,3927
熟,3928
熠,3929
熨,3930
熬,3931
熱,3932
熳,3933
熵,3934
熹,3935
熾,3936
燁,3937
燃,3938
燈,3939
燉,3940
燎,3941
燒,3942
燔,3943
燕,3944
燙,3945
燜,3946
營,3947
燠,3948
燥,3949
燦,3950
燧,3951
燭,3952
燮,3953
燴,3954
燹,3955
燼,3956
燾,3957
爆,3958
爍,3959
爐,3960
爛,3961
爝,3962
爨,3963
爪,3964
爬,3965
爭,3966
爰,3967
爱,3968
爲,3969
爵,3970
父,3971
爷,3972
爸,3973
爹,3974
爺,3975
爻,3976
爽,3977
爾,3978
牆,3979
片,3980
版,3981
牌,3982
牍,3983
牒,3984
牖,3985
牘,3986
牙,3987
牛,3988
牝,3989
牟,3990
牡,3991
牢,3992
牦,3993
牧,3994
物,3995
牯,3996
牲,3997
牵,3998
特,3999
牺,4000
牽,4001
牾,4002
牿,4003
犀,4004
犁,4005
犄,4006
犊,4007
犋,4008
犏,4009
犒,4010
犖,4011
犟,4012
犢,4013
犧,4014
犬,4015
犯,4016
犴,4017
状,4018
犷,4019
犸,4020
犹,4021
狀,4022
狁,4023
狂,4024
狃,4025
狄,4026
狈,4027
狍,4028
狎,4029
狐,4030
狒,4031
狗,4032
狙,4033
狞,4034
狠,4035
狡,4036
狨,4037
狩,4038
独,4039
狭,4040
狮,4041
狯,4042
狰,4043
狱,4044
狲,4045
狳,4046
狴,4047
狷,4048
狸,4049
狹,4050
狺,4051
狻,4052
狼,4053
狽,4054
猃,4055
猊,4056
猎,4057
猓,4058
猕,4059
猖,4060
猗,4061
猙,4062
猜,4063
猝,4064
猞,4065
猡,4066
猢,4067
猥,4068
猩,4069
猪,4070
猫,4071
猬,4072
献,4073
猱,4074
猴,4075
猶,4076
猷,4077
猸,4078
猹,4079
猻,4080
猾,4081
猿,4082
獁,4083
獃,4084
獄,4085
獅,4086
獍,4087
獎,4088
獐,4089
獒,4090
獗,4091
獠,4092
獨,4093
獪,4094
獫,4095
獬,4096
獭,4097
獯,4098
獰,4099
獲,4100
獵,4101
獷,4102
獸,4103
獺,4104
獻,4105
獼,4106
獾,4107
玀,4108
玄,4109
率,4110
玉,4111
王,4112
玎,4113
玑,4114
玖,4115
玛,4116
玟,4117
玢,4118
玩,4119
玫,4120
玮,4121
环,4122
现,4123
玲,4124
玳,4125
玷,4126
玺,4127
玻,4128
珀,4129
珂,4130
珈,4131
珉,4132
珊,4133
珍,4134
珏,4135
珐,4136
珑,4137
珙,4138
珞,4139
珠,4140
珥,4141
珧,4142
珩,4143
班,4144
珲,4145
現,4146
球,4147
琅,4148
理,4149
琉,4150
琊,4151
琏,4152
琐,4153
琚,4154
琛,4155
琢,4156
琥,4157
琦,4158
琨,4159
琪,4160
琬,4161
琮,4162
琰,4163
琳,4164
琴,4165
琵,4166
琶,4167
琺,4168
琼,4169
琿,4170
瑁,4171
瑋,4172
瑕,4173
瑗,4174
瑙,4175
瑚,4176
瑛,4177
瑜,4178
瑞,4179
瑟,4180
瑣,4181
瑤,4182
瑩,4183
瑪,4184
瑭,4185
瑰,4186
瑶,4187
瑷,4188
瑾,4189
璀,4190
璁,4191
璃,4192
璇,4193
璉,4194
璋,4195
璎,4196
璐,4197
璜,4198
璞,4199
璣,4200
璦,4201
璧,4202
璨,4203
璩,4204
環,4205
璽,4206
瓊,4207
瓏,4208
瓒,4209
瓔,4210
瓚,4211
瓜,4212
瓞,4213
瓠,4214
瓢,4215
瓣,4216
瓤,4217
瓦,4218
瓮,4219
瓯,4220
瓴,4221
瓶,4222
瓷,4223
瓿,4224
甄,4225
甌,4226
甍,4227
甏,4228
甑,4229
甓,4230
甘,4231
甙,4232
甚,4233
甜,4234
生,4235
產,4236
産,4237
甥,4238
用,4239
甩,4240
甫,4241
甬,4242
甭,4243
甯,4244
田,4245
由,4246
甲,4247
申,4248
电,4249
男,4250
甸,4251
町,4252
画,4253
畀,4254
畅,4255
畈,4256
畋,4257
界,4258
畎,4259
畏,4260
畔,4261
留,4262
畚,4263
畛,4264
畜,4265
畝,4266
畢,4267
略,4268
畦,4269
番,4270
異,4271
畲,4272
畴,4273
當,4274
畸,4275
畹,4276
畿,4277
疃,4278
疆,4279
疇,4280
疋,4281
疏,4282
疑,4283
疔,4284
疖,4285
疗,4286
疙,4287
疚,4288
疝,4289
疟,4290
疠,4291
疡,4292
疣,4293
疤,4294
疥,4295
疫,4296
疬,4297
疮,4298
疯,4299
疰,4300
疱,4301
疲,4302
疳,4303
疴,4304
疵,4305
疸,4306
疹,4307
疼,4308
疽,4309
疾,4310
痂,4311
痃,4312
痄,4313
病,4314
症,4315
痈,4316
痉,4317
痊,4318
痍,4319
痒,4320
痔,4321
痕,4322
痖,4323
痘,4324
痙,4325
痛,4326
痞,4327
痢,4328
痣,4329
痤,4330
痦,4331
痧,4332
痨,4333
痪,4334
痫,4335
痰,4336
痱,4337
痴,4338
痹,4339
痼,4340
痾,4341
痿,4342
瘀,4343
瘁,4344
瘂,4345
瘃,4346
瘅,4347
瘊,4348
瘋,4349
瘌,4350
瘍,4351
瘐,4352
瘓,4353
瘕,4354
瘗,4355
瘘,4356
瘙,4357
瘛,4358
瘞,4359
瘟,4360
瘠,4361
瘡,4362
瘤,4363
瘥,4364
瘦,4365
瘧,4366
瘩,4367
瘪,4368
瘫,4369
瘭,4370
瘰,4371
瘳,4372
瘴,4373
瘵,4374
瘸,4375
瘺,4376
瘻,4377
瘼,4378
瘿,4379
癀,4380
療,4381
癃,4382
癆,4383
癇,4384
癉,4385
癌,4386
癖,4387
癘,4388
癜,4389
癞,4390
癟,4391
癡,4392
癢,4393
癣,4394
癤,4395
癥,4396
癧,4397
癩,4398
癫,4399
癬,4400
癭,4401
癯,4402
癰,4403
癱,4404
癲,4405
癸,4406
登,4407
發,4408
白,4409
百,4410
皂,4411
的,4412
皆,4413
皇,4414
皈,4415
皋,4416
皎,4417
皑,4418
皓,4419
皖,4420
皙,4421
皚,4422
皤,4423
皮,4424
皰,4425
皱,4426
皲,4427
皴,4428
皸,4429
皺,4430
皿,4431
盂,4432
盅,4433
盆,4434
盈,4435
益,4436
盍,4437
盎,4438
盏,4439
盐,4440
监,4441
盒,4442
盔,4443
盖,4444
盗,4445
盘,4446
盛,4447
盜,4448
盞,4449
盟,4450
盡,4451
監,4452
盤,4453
盥,4454
盧,4455
盪,4456
目,4457
盯,4458
盱,4459
盲,4460
直,4461
相,4462
盹,4463
盼,4464
盾,4465
省,4466
眄,4467
眇,4468
眈,4469
眉,4470
看,4471
眍,4472
眙,4473
眚,4474
真,4475
眠,4476
眢,4477
眥,4478
眦,4479
眨,4480
眩,4481
眭,4482
眯,4483
眵,4484
眶,4485
眷,4486
眸,4487
眺,4488
眼,4489
眾,4490
着,4491
睁,4492
睃,4493
睇,4494
睏,4495
睐,4496
睑,4497
睚,4498
睛,4499
睜,4500
睞,4501
睡,4502
睢,4503
督,4504
睥,4505
睦,4506
睨,4507
睫,4508
睬,4509
睹,4510
睽,4511
睾,4512
睿,4513
瞀,4514
瞄,4515
瞅,4516
瞌,4517
瞎,4518
瞑,4519
瞒,4520
瞘,4521
瞞,4522
瞟,4523
瞠,4524
瞢,4525
瞥,4526
瞧,4527
瞩,4528
瞪,4529
瞬,4530
瞰,4531
瞳,4532
瞵,4533
瞻,4534
瞼,4535
瞽,4536
瞿,4537
矍,4538
矗,4539
矚,4540
矛,4541
矜,4542
矢,4543
矣,4544
知,4545
矧,4546
矩,4547
矫,4548
矬,4549
短,4550
矮,4551
矯,4552
石,4553
矶,4554
矸,4555
矾,4556
矿,4557
砀,4558
码,4559
砂,4560
砉,4561
砌,4562
砍,4563
砑,4564
砒,4565
研,4566
砖,4567
砗,4568
砘,4569
砚,4570
砜,4571
砝,4572
砟,4573
砣,4574
砥,4575
砦,4576
砧,4577
砩,4578
砬,4579
砭,4580
砰,4581
破,4582
砷,4583
砸,4584
砹,4585
砺,4586
砻,4587
砼,4588
砾,4589
础,4590
硅,4591
硇,4592
硎,4593
硐,4594
硒,4595
硕,4596
硖,4597
硗,4598
硝,4599
硤,4600
硨,4601
硪,4602
硫,4603
硬,4604
硭,4605
确,4606
硯,4607
硼,4608
碉,4609
碌,4610
碍,4611
碎,4612
碑,4613
碓,4614
碗,4615
碘,4616
碚,4617
碛,4618
碜,4619
碟,4620
碡,4621
碣,4622
碥,4623
碧,4624
碩,4625
碭,4626
碰,4627
碱,4628
碲,4629
碳,4630
碴,4631
碸,4632
確,4633
碼,4634
碾,4635
磁,4636
磅,4637
磊,4638
磋,4639
磐,4640
磔,4641
磕,4642
磚,4643
磣,4644
磧,4645
磨,4646
磬,4647
磯,4648
磲,4649
磴,4650
磷,4651
磺,4652
磽,4653
礁,4654
礅,4655
礎,4656
礓,4657
礙,4658
礞,4659
礤,4660
礦,4661
礪,4662
礫,4663
礬,4664
礱,4665
礴,4666
示,4667
礻,4668
礼,4669
社,4670
祀,4671
祁,4672
祆,4673
祈,4674
祉,4675
祓,4676
祖,4677
祗,4678
祚,4679
祛,4680
祜,4681
祝,4682
神,4683
祟,4684
祠,4685
祢,4686
祥,4687
祧,4688
票,4689
祭,4690
祯,4691
祷,4692
祸,4693
祺,4694
祿,4695
禀,4696
禁,4697
禄,4698
禅,4699
禊,4700
禍,4701
禎,4702
福,4703
禚,4704
禦,4705
禧,4706
禪,4707
禮,4708
禰,4709
禱,4710
禳,4711
禹,4712
禺,4713
离,4714
禽,4715
禾,4716
禿,4717
秀,4718
私,4719
秃,4720
秆,4721
秈,4722
秉,4723
秋,4724
种,4725
科,4726
秒,4727
秕,4728
秘,4729
租,4730
秣,4731
秤,4732
秦,4733
秧,4734
秩,4735
秫,4736
秭,4737
积,4738
称,4739
秸,4740
移,4741
秽,4742
稀,4743
稃,4744
稅,4745
稆,4746
稈,4747
程,4748
稍,4749
税,4750
稔,4751
稗,4752
稚,4753
稞,4754
稟,4755
稠,4756
稣,4757
種,4758
稱,4759
稳,4760
稷,4761
稻,4762
稼,4763
稽,4764
稿,4765
穀,4766
穆,4767
穌,4768
積,4769
穎,4770
穑,4771
穗,4772
穡,4773
穢,4774
穩,4775
穫,4776
穭,4777
穰,4778
穴,4779
究,4780
穷,4781
穸,4782
穹,4783
空,4784
穿,4785
窀,4786
突,4787
窃,4788
窄,4789
窆,4790
窈,4791
窍,4792
窑,4793
窒,4794
窕,4795
窖,4796
窗,4797
窘,4798
窜,4799
窝,4800
窟,4801
窠,4802
窥,4803
窦,4804
窨,4805
窩,4806
窪,4807
窬,4808
窭,4809
窮,4810
窯,4811
窳,4812
窶,4813
窺,4814
窿,4815
竄,4816
竅,4817
竇,4818
竈,4819
竊,4820
立,4821
竖,4822
站,4823
竞,4824
竟,4825
章,4826
竣,4827
童,4828
竦,4829
竪,4830
竭,4831
端,4832
競,4833
竹,4834
竺,4835
竽,4836
竿,4837
笃,4838
笄,4839
笆,4840
笈,4841
笊,4842
笋,4843
笏,4844
笑,4845
笔,4846
笕,4847
笙,4848
笛,4849
笞,4850
笠,4851
笤,4852
笥,4853
符,4854
笨,4855
笪,4856
笫,4857
第,4858
笮,4859
笱,4860
笳,4861
笸,4862
笺,4863
笼,4864
笾,4865
筅,4866
筆,4867
筇,4868
等,4869
筋,4870
筌,4871
筍,4872
筏,4873
筐,4874
筑,4875
筒,4876
答,4877
策,4878
筘,4879
筚,4880
筛,4881
筝,4882
筠,4883
筢,4884
筧,4885
筮,4886
筱,4887
筲,4888
筵,4889
筷,4890
筹,4891
筻,4892
签,4893
简,4894
箅,4895
箋,4896
箍,4897
箏,4898
箐,4899
箔,4900
箕,4901
算,4902
箜,4903
箝,4904
管,4905
箦,4906
箧,4907
箨,4908
箩,4909
箪,4910
箫,4911
箬,4912
箭,4913
箱,4914
箴,4915
箸,4916
節,4917
篁,4918
範,4919
篆,4920
篇,4921
築,4922
篋,4923
篌,4924
篑,4925
篓,4926
篙,4927
篝,4928
篡,4929
篤,4930
篥,4931
篦,4932
篩,4933
篪,4934
篮,4935
篱,4936
篳,4937
篷,4938
篼,4939
篾,4940
簀,4941
簇,4942
簋,4943
簌,4944
簍,4945
簏,4946
簖,4947
簞,4948
簟,4949
簡,4950
簣,4951
簦,4952
簧,4953
簪,4954
簫,4955
簸,4956
簽,4957
簾,4958
簿,4959
籀,4960
籁,4961
籃,4962
籌,4963
籍,4964
籜,4965
籟,4966
籠,4967
籩,4968
籪,4969
籬,4970
籮,4971
米,4972
籴,4973
类,4974
籼,4975
籽,4976
粉,4977
粑,4978
粒,4979
粕,4980
粗,4981
粘,4982
粜,4983
粝,4984
粞,4985
粟,4986
粢,4987
粤,4988
粥,4989
粪,4990
粮,4991
粱,4992
粲,4993
粳,4994
粵,4995
粹,4996
粼,4997
粽,4998
精,4999
糁,5000
糅,5001
糇,5002
糈,5003
糌,5004
糍,5005
糕,5006
糖,5007
糗,5008
糙,5009
糜,5010
糝,5011
糞,5012
糟,5013
糠,5014
糧,5015
糨,5016
糯,5017
糲,5018
糴,5019
糶,5020
糹,5021
系,5022
糾,5023
紀,5024
紂,5025
約,5026
紅,5027
紆,5028
紇,5029
紈,5030
紉,5031
紊,5032
紋,5033
納,5034
紐,5035
紓,5036
純,5037
紕,5038
紗,5039
紙,5040
級,5041
紛,5042
紜,5043
素,5044
紡,5045
索,5046
紧,5047
紫,5048
累,5049
細,5050
紱,5051
紲,5052
紳,5053
紹,5054
紺,5055
紼,5056
紿,5057
絀,5058
終,5059
組,5060
絆,5061
結,5062
絕,5063
絛,5064
絝,5065
絞,5066
絡,5067
絢,5068
給,5069
絨,5070
絮,5071
統,5072
絲,5073
絳,5074
絶,5075
絷,5076
絹,5077
綁,5078
綃,5079
綆,5080
綈,5081
綉,5082
綏,5083
經,5084
綜,5085
綞,5086
綠,5087
綢,5088
綣,5089
綦,5090
綫,5091
綬,5092
維,5093
綮,5094
綰,5095
綱,5096
網,5097
綳,5098
綴,5099
綸,5100
綹,5101
綺,5102
綻,5103
綽,5104
綾,5105
綿,5106
緄,5107
緇,5108
緊,5109
緋,5110
緑,5111
緒,5112
緔,5113
緗,5114
緘,5115
緙,5116
線,5117
緝,5118
緞,5119
締,5120
緡,5121
緣,5122
緦,5123
編,5124
緩,5125
緬,5126
緯,5127
緱,5128
緲,5129
練,5130
緶,5131
緹,5132
緻,5133
縈,5134
縉,5135
縊,5136
縋,5137
縐,5138
縑,5139
縛,5140
縝,5141
縞,5142
縟,5143
縣,5144
縧,5145
縫,5146
縭,5147
縮,5148
縱,5149
縲,5150
縵,5151
縶,5152
縷,5153
縹,5154
縻,5155
總,5156
績,5157
繁,5158
繃,5159
繅,5160
繆,5161
繇,5162
繒,5163
織,5164
繕,5165
繚,5166
繞,5167
繡,5168
繢,5169
繩,5170
繪,5171
繫,5172
繭,5173
繮,5174
繯,5175
繰,5176
繳,5177
繹,5178
繼,5179
繽,5180
繾,5181
纂,5182
纈,5183
纊,5184
續,5185
纍,5186
纏,5187
纓,5188
纖,5189
纘,5190
纛,5191
纜,5192
纟,5193
纠,5194
纡,5195
红,5196
纣,5197
纤,5198
纥,5199
约,5200
级,5201
纨,5202
纩,5203
纪,5204
纫,5205
纭,5206
纰,5207
纶,5208
纷,5209
纸,5210
纹,5211
纺,5212
纽,5213
纾,5214
线,5215
绀,5216
绁,5217
绂,5218
练,5219
组,5220
绅,5221
细,5222
织,5223
终,5224
绉,5225
绊,5226
绋,5227
绌,5228
绍,5229
绎,5230
经,5231
绐,5232
绑,5233
绒,5234
结,5235
绔,5236
绕,5237
绘,5238
给,5239
绚,5240
绛,5241
络,5242
绝,5243
绞,5244
统,5245
绠,5246
绡,5247
绢,5248
绣,5249
绥,5250
绦,5251
继,5252
绨,5253
绩,5254
绪,5255
绫,5256
续,5257
绮,5258
绯,5259
绰,5260
绱,5261
绲,5262
绳,5263
维,5264
绵,5265
绶,5266
绷,5267
绸,5268
绺,5269
绻,5270
综,5271
绽,5272
绾,5273
绿,5274
缀,5275
缁,5276
缂,5277
缃,5278
缄,5279
缅,5280
缆,5281
缇,5282
缈,5283
缉,5284
缋,5285
缌,5286
缍,5287
缎,5288
缏,5289
缑,5290
缒,5291
缓,5292
缔,5293
缕,5294
编,5295
缗,5296
缘,5297
缙,5298
缚,5299
缛,5300
缜,5301
缝,5302
缟,5303
缠,5304
缡,5305
缢,5306
缣,5307
缤,5308
缥,5309
缦,5310
缧,5311
缨,5312
缩,5313
缪,5314
缫,5315
缬,5316
缭,5317
缮,5318
缯,5319
缰,5320
缱,5321
缲,5322
缳,5323
缴,5324
缵,5325
缶,5326
缸,5327
缺,5328
缽,5329
罂,5330
罄,5331
罅,5332
罈,5333
罌,5334
罐,5335
网,5336
罔,5337
罕,5338
罗,5339
罘,5340
罚,5341
罟,5342
罡,5343
罢,5344
罨,5345
罩,5346
罪,5347
置,5348
罰,5349
罱,5350
署,5351
罴,5352
罵,5353
罷,5354
罹,5355
罾,5356
羁,5357
羅,5358
羆,5359
羈,5360
羊,5361
羋,5362
羌,5363
美,5364
羔,5365
羚,5366
羝,5367
羞,5368
羟,5369
羡,5370
群,5371
羥,5372
羧,5373
義,5374
羯,5375
羰,5376
羲,5377
羸,5378
羹,5379
羽,5380
羿,5381
翁,5382
翅,5383
翊,5384
翌,5385
翎,5386
習,5387
翔,5388
翕,5389
翘,5390
翟,5391
翠,5392
翡,5393
翥,5394
翦,5395
翩,5396
翮,5397
翰,5398
翱,5399
翳,5400
翹,5401
翻,5402
翼,5403
耀,5404
老,5405
考,5406
耄,5407
者,5408
耆,5409
耋,5410
而,5411
耍,5412
耐,5413
耒,5414
耔,5415
耕,5416
耗,5417
耘,5418
耙,5419
耜,5420
耠,5421
耢,5422
耥,5423
耦,5424
耧,5425
耨,5426
耩,5427
耪,5428
耬,5429
耮,5430
耱,5431
耳,5432
耵,5433
耶,5434
耷,5435
耸,5436
耻,5437
耽,5438
耿,5439
聂,5440
聃,5441
聆,5442
聊,5443
聋,5444
职,5445
聍,5446
聒,5447
联,5448
聖,5449
聘,5450
聚,5451
聞,5452
聩,5453
聪,5454
聯,5455
聰,5456
聱,5457
聲,5458
聳,5459
聵,5460
聶,5461
職,5462
聹,5463
聽,5464
聾,5465
聿,5466
肀,5467
肃,5468
肄,5469
肅,5470
肆,5471
肇,5472
肉,5473
肋,5474
肌,5475
肓,5476
肖,5477
肘,5478
肚,5479
肛,5480
肜,5481
肝,5482
肟,5483
肠,5484
股,5485
肢,5486
肤,5487
肥,5488
肩,5489
肪,5490
肫,5491
肭,5492
肮,5493
肯,5494
肱,5495
育,5496
肴,5497
肷,5498
肺,5499
肼,5500
肽,5501
肾,5502
肿,5503
胀,5504
胁,5505
胂,5506
胃,5507
胄,5508
胆,5509
背,5510
胍,5511
胎,5512
胖,5513
胗,5514
胙,5515
胚,5516
胛,5517
胜,5518
胝,5519
胞,5520
胡,5521
胤,5522
胥,5523
胧,5524
胨,5525
胩,5526
胪,5527
胫,5528
胬,5529
胭,5530
胯,5531
胰,5532
胱,5533
胳,5534
胴,5535
胶,5536
胸,5537
胺,5538
胼,5539
脂,5540
脅,5541
脆,5542
脈,5543
脉,5544
脍,5545
脎,5546
脏,5547
脐,5548
脑,5549
脒,5550
脓,5551
脔,5552
脖,5553
脘,5554
脚,5555
脛,5556
脞,5557
脫,5558
脬,5559
脯,5560
脱,5561
脲,5562
脶,5563
脸,5564
脹,5565
脾,5566
腆,5567
腈,5568
腊,5569
腋,5570
腌,5571
腎,5572
腐,5573
腑,5574
腓,5575
腔,5576
腕,5577
腖,5578
腙,5579
腚,5580
腠,5581
腡,5582
腥,5583
腦,5584
腧,5585
腩,5586
腫,5587
腭,5588
腮,5589
腰,5590
腱,5591
腳,5592
腴,5593
腸,5594
腹,5595
腺,5596
腻,5597
腼,5598
腽,5599
腾,5600
腿,5601
膀,5602
膂,5603
膃,5604
膈,5605
膊,5606
膏,5607
膑,5608
膘,5609
膚,5610
膛,5611
膜,5612
膝,5613
膠,5614
膣,5615
膦,5616
膨,5617
膩,5618
膪,5619
膳,5620
膺,5621
膻,5622
膽,5623
膾,5624
膿,5625
臀,5626
臁,5627
臂,5628
臆,5629
臉,5630
臊,5631
臌,5632
臍,5633
臏,5634
臘,5635
臚,5636
臟,5637
臠,5638
臣,5639
臧,5640
臨,5641
自,5642
臬,5643
臭,5644
至,5645
致,5646
臺,5647
臻,5648
臼,5649
臾,5650
舀,5651
舁,5652
舂,5653
舄,5654
舅,5655
舆,5656
與,5657
興,5658
舉,5659
舊,5660
舌,5661
舍,5662
舐,5663
舒,5664
舔,5665
舛,5666
舜,5667
舞,5668
舟,5669
舡,5670
舢,5671
舣,5672
舨,5673
航,5674
舫,5675
般,5676
舭,5677
舯,5678
舰,5679
舱,5680
舳,5681
舴,5682
舵,5683
舶,5684
舷,5685
舸,5686
船,5687
舻,5688
舾,5689
艄,5690
艇,5691
艉,5692
艋,5693
艏,5694
艘,5695
艙,5696
艚,5697
艟,5698
艤,5699
艦,5700
艨,5701
艫,5702
艮,5703
良,5704
艰,5705
艱,5706
色,5707
艳,5708
艴,5709
艷,5710
艺,5711
艽,5712
艾,5713
艿,5714
节,5715
芄,5716
芈,5717
芊,5718
芋,5719
芍,5720
芎,5721
芏,5722
芑,5723
芒,5724
芗,5725
芘,5726
芙,5727
芜,5728
芝,5729
芟,5730
芡,5731
芤,5732
芥,5733
芦,5734
芨,5735
芩,5736
芪,5737
芫,5738
芬,5739
芭,5740
芮,5741
芯,5742
芰,5743
花,5744
芳,5745
芴,5746
芷,5747
芸,5748
芹,5749
芻,5750
芽,5751
芾,5752
苁,5753
苄,5754
苇,5755
苈,5756
苊,5757
苋,5758
苌,5759
苍,5760
苎,5761
苏,5762
苑,5763
苒,5764
苓,5765
苔,5766
苕,5767
苗,5768
苘,5769
苛,5770
苜,5771
苞,5772
苟,5773
苠,5774
苡,5775
苣,5776
苤,5777
若,5778
苦,5779
苫,5780
苯,5781
英,5782
苴,5783
苹,5784
苻,5785
茁,5786
茂,5787
范,5788
茄,5789
茅,5790
茆,5791
茇,5792
茈,5793
茉,5794
茌,5795
茎,5796
茏,5797
茑,5798
茔,5799
茕,5800
茗,5801
茚,5802
茛,5803
茜,5804
茧,5805
茨,5806
茫,5807
茬,5808
茭,5809
茯,5810
茱,5811
茲,5812
茳,5813
茴,5814
茵,5815
茶,5816
茸,5817
茹,5818
茺,5819
茼,5820
荀,5821
荃,5822
荆,5823
荇,5824
草,5825
荊,5826
荏,5827
荐,5828
荑,5829
荒,5830
荔,5831
荚,5832
荛,5833
荜,5834
荞,5835
荟,5836
荠,5837
荡,5838
荣,5839
荤,5840
荥,5841
荦,5842
荧,5843
荨,5844
荩,5845
荪,5846
荫,5847
荬,5848
荮,5849
药,5850
荷,5851
荸,5852
荻,5853
荼,5854
荽,5855
莅,5856
莆,5857
莉,5858
莊,5859
莎,5860
莒,5861
莓,5862
莖,5863
莘,5864
莛,5865
莜,5866
莞,5867
莠,5868
莢,5869
莧,5870
莨,5871
莩,5872
莪,5873
莫,5874
莰,5875
莱,5876
莲,5877
莳,5878
莴,5879
莶,5880
获,5881
莸,5882
莹,5883
莺,5884
莼,5885
莽,5886
菀,5887
菁,5888
菅,5889
菊,5890
菌,5891
菏,5892
菔,5893
菖,5894
菘,5895
菜,5896
菝,5897
菟,5898
菠,5899
菡,5900
菥,5901
菩,5902
菪,5903
華,5904
菰,5905
菱,5906
菲,5907
菸,5908
菹,5909
菽,5910
萁,5911
萃,5912
萄,5913
萆,5914
萇,5915
萊,5916
萋,5917
萌,5918
萍,5919
萎,5920
萏,5921
萘,5922
萜,5923
萝,5924
萤,5925
营,5926
萦,5927
萧,5928
萨,5929
萬,5930
萱,5931
萵,5932
萸,5933
萼,5934
落,5935
葆,5936
葉,5937
著,5938
葙,5939
葚,5940
葛,5941
葜,5942
葡,5943
董,5944
葤,5945
葦,5946
葩,5947
葫,5948
葬,5949
葭,5950
葯,5951
葱,5952
葳,5953
葵,5954
葶,5955
葷,5956
葸,5957
葺,5958
蒂,5959
蒇,5960
蒈,5961
蒉,5962
蒋,5963
蒌,5964
蒎,5965
蒓,5966
蒔,5967
蒗,5968
蒙,5969
蒜,5970
蒞,5971
蒡,5972
蒯,5973
蒲,5974
蒴,5975
蒸,5976
蒹,5977
蒺,5978
蒼,5979
蒽,5980
蒿,5981
蓀,5982
蓁,5983
蓄,5984
蓉,5985
蓊,5986
蓋,5987
蓍,5988
蓐,5989
蓑,5990
蓓,5991
蓖,5992
蓝,5993
蓟,5994
蓠,5995
蓣,5996
蓥,5997
蓦,5998
蓬,5999
蓮,6000
蓯,6001
蓰,6002
蓴,6003
蓼,6004
蓽,6005
蓿,6006
蔌,6007
蔑,6008
蔓,6009
蔔,6010
蔗,6011
蔚,6012
蔞,6013
蔟,6014
蔡,6015
蔣,6016
蔥,6017
蔦,6018
蔫,6019
蔬,6020
蔭,6021
蔷,6022
蔸,6023
蔹,6024
蔺,6025
蔻,6026
蔼,6027
蔽,6028
蕁,6029
蕃,6030
蕆,6031
蕈,6032
蕉,6033
蕊,6034
蕎,6035
蕒,6036
蕓,6037
蕕,6038
蕖,6039
蕘,6040
蕙,6041
蕞,6042
蕢,6043
蕤,6044
蕨,6045
蕩,6046
蕪,6047
蕭,6048
蕲,6049
蕴,6050
蕷,6051
蕹,6052
蕺,6053
蕻,6054
蕾,6055
薄,6056
薅,6057
薇,6058
薈,6059
薊,6060
薌,6061
薏,6062
薑,6063
薔,6064
薛,6065
薜,6066
薟,6067
薤,6068
薦,6069
薨,6070
薩,6071
薪,6072
薮,6073
薯,6074
薰,6075
薷,6076
薹,6077
薺,6078
藁,6079
藉,6080
藍,6081
藎,6082
藏,6083
藐,6084
藓,6085
藕,6086
藜,6087
藝,6088
藤,6089
藥,6090
藩,6091
藪,6092
藴,6093
藶,6094
藹,6095
藺,6096
藻,6097
藿,6098
蘄,6099
蘅,6100
蘆,6101
蘇,6102
蘊,6103
蘋,6104
蘑,6105
蘖,6106
蘚,6107
蘞,6108
蘢,6109
蘧,6110
蘩,6111
蘭,6112
蘸,6113
蘺,6114
蘼,6115
蘿,6116
虍,6117
虎,6118
虏,6119
虐,6120
虑,6121
虔,6122
處,6123
虚,6124
虛,6125
虜,6126
虞,6127
號,6128
虢,6129
虧,6130
虫,6131
虬,6132
虮,6133
虯,6134
虱,6135
虹,6136
虺,6137
虻,6138
虼,6139
虽,6140
虾,6141
虿,6142
蚀,6143
蚁,6144
蚂,6145
蚊,6146
蚋,6147
蚌,6148
蚍,6149
蚓,6150
蚕,6151
蚜,6152
蚝,6153
蚣,6154
蚤,6155
蚧,6156
蚨,6157
蚩,6158
蚪,6159
蚬,6160
蚯,6161
蚰,6162
蚱,6163
蚵,6164
蚶,6165
蚺,6166
蛀,6167
蛄,6168
蛆,6169
蛇,6170
蛉,6171
蛊,6172
蛋,6173
蛎,6174
蛏,6175
蛐,6176
蛑,6177
蛔,6178
蛘,6179
蛙,6180
蛛,6181
蛞,6182
蛟,6183
蛤,6184
蛩,6185
蛭,6186
蛮,6187
蛰,6188
蛱,6189
蛲,6190
蛳,6191
蛴,6192
蛸,6193
蛹,6194
蛺,6195
蛻,6196
蛾,6197
蜀,6198
蜂,6199
蜃,6200
蜆,6201
蜇,6202
蜈,6203
蜉,6204
蜊,6205
蜍,6206
蜒,6207
蜓,6208
蜕,6209
蜗,6210
蜘,6211
蜚,6212
蜜,6213
蜞,6214
蜡,6215
蜢,6216
蜣,6217
蜥,6218
蜩,6219
蜮,6220
蜱,6221
蜴,6222
蜷,6223
蜻,6224
蜾,6225
蜿,6226
蝇,6227
蝈,6228
蝉,6229
蝌,6230
蝎,6231
蝓,6232
蝕,6233
蝗,6234
蝙,6235
蝟,6236
蝠,6237
蝣,6238
蝤,6239
蝥,6240
蝦,6241
蝮,6242
蝰,6243
蝴,6244
蝶,6245
蝸,6246
蝻,6247
蝼,6248
蝽,6249
蝾,6250
螂,6251
螃,6252
螄,6253
螅,6254
螈,6255
螋,6256
融,6257
螓,6258
螗,6259
螞,6260
螟,6261
螢,6262
螨,6263
螫,6264
螬,6265
螭,6266
螯,6267
螳,6268
螵,6269
螺,6270
螻,6271
螽,6272
蟀,6273
蟄,6274
蟆,6275
蟈,6276
蟊,6277
蟋,6278
蟎,6279
蟑,6280
蟒,6281
蟓,6282
蟛,6283
蟠,6284
蟣,6285
蟥,6286
蟪,6287
蟬,6288
蟮,6289
蟯,6290
蟲,6291
蟶,6292
蟹,6293
蟻,6294
蟾,6295
蠃,6296
蠅,6297
蠆,6298
蠊,6299
蠐,6300
蠑,6301
蠓,6302
蠕,6303
蠖,6304
蠛,6305
蠟,6306
蠡,6307
蠢,6308
蠣,6309
蠱,6310
蠲,6311
蠶,6312
蠹,6313
蠻,6314
蠼,6315
血,6316
衄,6317
衅,6318
衆,6319
行,6320
衍,6321
術,6322
衔,6323
衕,6324
街,6325
衙,6326
衚,6327
衛,6328
衝,6329
衡,6330
衢,6331
衣,6332
衤,6333
补,6334
表,6335
衩,6336
衫,6337
衬,6338
衮,6339
衰,6340
衲,6341
衷,6342
衹,6343
衽,6344
衾,6345
衿,6346
袁,6347
袂,6348
袄,6349
袅,6350
袈,6351
袋,6352
袍,6353
袒,6354
袖,6355
袜,6356
袞,6357
袢,6358
袤,6359
被,6360
袭,6361
袱,6362
袷,6363
袼,6364
裁,6365
裂,6366
装,6367
裆,6368
裉,6369
裊,6370
裎,6371
裏,6372
裒,6373
裔,6374
裕,6375
裘,6376
裙,6377
補,6378
裝,6379
裟,6380
裡,6381
裢,6382
裣,6383
裤,6384
裥,6385
裨,6386
裰,6387
裱,6388
裳,6389
裴,6390
裸,6391
裹,6392
製,6393
裾,6394
褂,6395
複,6396
褊,6397
褐,6398
褒,6399
褓,6400
褙,6401
褚,6402
褛,6403
褡,6404
褥,6405
褪,6406
褫,6407
褰,6408
褲,6409
褳,6410
褴,6411
褶,6412
褸,6413
褻,6414
襁,6415
襄,6416
襇,6417
襖,6418
襝,6419
襞,6420
襟,6421
襠,6422
襤,6423
襦,6424
襪,6425
襯,6426
襲,6427
襻,6428
西,6429
要,6430
覃,6431
見,6432
規,6433
覓,6434
視,6435
覘,6436
覡,6437
覦,6438
親,6439
覬,6440
覯,6441
覲,6442
覷,6443
覺,6444
覽,6445
覿,6446
觀,6447
见,6448
观,6449
规,6450
觅,6451
视,6452
觇,6453
览,6454
觉,6455
觊,6456
觋,6457
觌,6458
觎,6459
觏,6460
觐,6461
觑,6462
角,6463
觖,6464
觚,6465
觜,6466
觞,6467
解,6468
觥,6469
触,6470
觫,6471
觯,6472
觳,6473
觴,6474
觶,6475
觸,6476
言,6477
訂,6478
訃,6479
訇,6480
計,6481
訊,6482
訌,6483
討,6484
訐,6485
訓,6486
訕,6487
訖,6488
記,6489
訛,6490
訝,6491
訟,6492
訣,6493
訥,6494
訪,6495
設,6496
許,6497
訴,6498
訶,6499
診,6500
註,6501
訾,6502
詁,6503
詆,6504
詈,6505
詎,6506
詐,6507
詒,6508
詔,6509
評,6510
詘,6511
詛,6512
詞,6513
詠,6514
詡,6515
詢,6516
詣,6517
試,6518
詩,6519
詫,6520
詬,6521
詭,6522
詮,6523
詰,6524
話,6525
該,6526
詳,6527
詵,6528
詹,6529
詼,6530
詿,6531
誄,6532
誅,6533
誆,6534
誇,6535
誉,6536
誊,6537
誌,6538
認,6539
誑,6540
誒,6541
誓,6542
誕,6543
誘,6544
誚,6545
語,6546
誠,6547
誡,6548
誣,6549
誤,6550
誥,6551
誦,6552
誨,6553
說,6554
説,6555
誰,6556
課,6557
誶,6558
誹,6559
誼,6560
調,6561
諂,6562
諄,6563
諉,6564
諍,6565
諑,6566
諒,6567
諗,6568
諜,6569
諞,6570
諢,6571
諤,6572
諦,6573
諧,6574
諫,6575
諭,6576
諮,6577
諱,6578
諳,6579
諶,6580
諷,6581
諸,6582
諺,6583
諼,6584
諾,6585
謀,6586
謁,6587
謂,6588
謄,6589
謇,6590
謔,6591
謙,6592
謚,6593
講,6594
謝,6595
謦,6596
謨,6597
謫,6598
謬,6599
謭,6600
謳,6601
謹,6602
謾,6603
證,6604
譎,6605
譏,6606
譖,6607
識,6608
譙,6609
譚,6610
譜,6611
警,6612
譬,6613
譯,6614
議,6615
譴,6616
護,6617
譽,6618
譾,6619
讀,6620
變,6621
讎,6622
讒,6623
讓,6624
讖,6625
讜,6626
讞,6627
计,6628
订,6629
讥,6630
讦,6631
讨,6632
让,6633
讪,6634
讫,6635
训,6636
议,6637
讯,6638
记,6639
讲,6640
讳,6641
讴,6642
讵,6643
讶,6644
讷,6645
许,6646
讹,6647
论,6648
讼,6649
讽,6650
设,6651
访,6652
诀,6653
证,6654
诂,6655
诃,6656
评,6657
诅,6658
识,6659
诈,6660
诉,6661
诊,6662
诋,6663
诌,6664
词,6665
诎,6666
诏,6667
译,6668
诒,6669
诓,6670
诔,6671
试,6672
诖,6673
诗,6674
诘,6675
诙,6676
诚,6677
诛,6678
诜,6679
话,6680
诞,6681
诟,6682
诠,6683
诡,6684
询,6685
诣,6686
诤,6687
该,6688
详,6689
诧,6690
诨,6691
诩,6692
诫,6693
诬,6694
语,6695
诮,6696
误,6697
诰,6698
诱,6699
诲,6700
诳,6701
说,6702
诵,6703
诶,6704
请,6705
诸,6706
诹,6707
诺,6708
读,6709
诼,6710
诽,6711
课,6712
诿,6713
谀,6714
谁,6715
谂,6716
调,6717
谄,6718
谅,6719
谆,6720
谇,6721
谈,6722
谊,6723
谋,6724
谌,6725
谍,6726
谎,6727
谏,6728
谐,6729
谑,6730
谒,6731
谓,6732
谔,6733
谕,6734
谖,6735
谗,6736
谘,6737
谙,6738
谚,6739
谛,6740
谜,6741
谝,6742
谟,6743
谠,6744
谡,6745
谢,6746
谣,6747
谤,6748
谥,6749
谦,6750
谧,6751
谨,6752
谩,6753
谪,6754
谫,6755
谬,6756
谭,6757
谮,6758
谯,6759
谰,6760
谱,6761
谲,6762
谳,6763
谴,6764
谵,6765
谶,6766
谷,6767
豁,6768
豆,6769
豇,6770
豈,6771
豉,6772
豌,6773
豎,6774
豐,6775
豕,6776
豚,6777
象,6778
豢,6779
豪,6780
豫,6781
豬,6782
豳,6783
豸,6784
豹,6785
豺,6786
貂,6787
貅,6788
貉,6789
貊,6790
貌,6791
貓,6792
貔,6793
貘,6794
貝,6795
貞,6796
負,6797
財,6798
貢,6799
貧,6800
貨,6801
販,6802
貪,6803
貫,6804
責,6805
貯,6806
貰,6807
貲,6808
貳,6809
貴,6810
貶,6811
買,6812
貸,6813
貺,6814
費,6815
貼,6816
貽,6817
貿,6818
賀,6819
賁,6820
賂,6821
賃,6822
賄,6823
賅,6824
資,6825
賈,6826
賊,6827
賑,6828
賒,6829
賓,6830
賕,6831
賚,6832
賜,6833
賞,6834
賠,6835
賡,6836
賢,6837
賣,6838
賤,6839
賦,6840
賧,6841
質,6842
賫,6843
賬,6844
賭,6845
賴,6846
賺,6847
賻,6848
購,6849
賽,6850
賾,6851
贄,6852
贅,6853
贈,6854
贊,6855
贋,6856
贍,6857
贏,6858
贐,6859
贓,6860
贖,6861
贗,6862
贛,6863
贜,6864
贝,6865
贞,6866
负,6867
贡,6868
财,6869
责,6870
贤,6871
败,6872
账,6873
货,6874
质,6875
贩,6876
贪,6877
贫,6878
贬,6879
购,6880
贮,6881
贯,6882
贰,6883
贱,6884
贲,6885
贳,6886
贴,6887
贵,6888
贶,6889
贷,6890
贸,6891
费,6892
贺,6893
贻,6894
贼,6895
贽,6896
贾,6897
贿,6898
赀,6899
赁,6900
赂,6901
赃,6902
资,6903
赅,6904
赆,6905
赇,6906
赈,6907
赉,6908
赊,6909
赋,6910
赌,6911
赍,6912
赎,6913
赏,6914
赐,6915
赓,6916
赔,6917
赕,6918
赖,6919
赘,6920
赙,6921
赚,6922
赛,6923
赜,6924
赝,6925
赞,6926
赠,6927
赡,6928
赢,6929
赣,6930
赤,6931
赦,6932
赧,6933
赫,6934
赭,6935
走,6936
赳,6937
赴,6938
赵,6939
赶,6940
起,6941
趁,6942
趄,6943
超,6944
越,6945
趋,6946
趑,6947
趔,6948
趕,6949
趙,6950
趟,6951
趣,6952
趨,6953
趱,6954
趲,6955
足,6956
趴,6957
趵,6958
趸,6959
趺,6960
趼,6961
趾,6962
趿,6963
跃,6964
跄,6965
跆,6966
跋,6967
跌,6968
跎,6969
跏,6970
跑,6971
跖,6972
跗,6973
跚,6974
跛,6975
距,6976
跞,6977
跟,6978
跡,6979
跣,6980
跤,6981
跨,6982
跪,6983
跫,6984
跬,6985
路,6986
跳,6987
践,6988
跷,6989
跸,6990
跹,6991
跺,6992
跻,6993
跽,6994
踅,6995
踉,6996
踊,6997
踌,6998
踏,6999
踐,7000
踔,7001
踝,7002
踞,7003
踟,7004
踢,7005
踣,7006
踩,7007
踪,7008
踬,7009
踮,7010
踯,7011
踱,7012
踴,7013
踵,7014
踹,7015
踺,7016
踽,7017
蹀,7018
蹁,7019
蹂,7020
蹄,7021
蹇,7022
蹈,7023
蹉,7024
蹊,7025
蹋,7026
蹌,7027
蹑,7028
蹒,7029
蹕,7030
蹙,7031
蹣,7032
蹤,7033
蹦,7034
蹩,7035
蹬,7036
蹭,7037
蹯,7038
蹰,7039
蹲,7040
蹴,7041
蹶,7042
蹺,7043
蹼,7044
蹿,7045
躁,7046
躅,7047
躇,7048
躉,7049
躊,7050
躋,7051
躍,7052
躏,7053
躐,7054
躑,7055
躒,7056
躓,7057
躔,7058
躕,7059
躚,7060
躜,7061
躞,7062
躡,7063
躥,7064
躦,7065
躪,7066
身,7067
躬,7068
躯,7069
躲,7070
躺,7071
軀,7072
車,7073
軋,7074
軌,7075
軍,7076
軎,7077
軒,7078
軔,7079
軛,7080
軟,7081
軤,7082
軫,7083
軲,7084
軸,7085
軹,7086
軺,7087
軻,7088
軼,7089
軾,7090
較,7091
輅,7092
輇,7093
載,7094
輊,7095
輒,7096
輓,7097
輔,7098
輕,7099
輛,7100
輜,7101
輝,7102
輞,7103
輟,7104
輥,7105
輦,7106
輩,7107
輪,7108
輯,7109
輳,7110
輸,7111
輻,7112
輾,7113
輿,7114
轂,7115
轄,7116
轅,7117
轆,7118
轉,7119
轍,7120
轎,7121
轔,7122
轟,7123
轡,7124
轢,7125
轤,7126
车,7127
轧,7128
轨,7129
轩,7130
轫,7131
转,7132
轭,7133
轮,7134
软,7135
轰,7136
轱,7137
轲,7138
轳,7139
轴,7140
轵,7141
轶,7142
轷,7143
轸,7144
轹,7145
轺,7146
轻,7147
轼,7148
载,7149
轾,7150
轿,7151
辁,7152
辂,7153
较,7154
辄,7155
辅,7156
辆,7157
辇,7158
辈,7159
辉,7160
辊,7161
辋,7162
辍,7163
辎,7164
辏,7165
辐,7166
辑,7167
输,7168
辔,7169
辕,7170
辖,7171
辗,7172
辘,7173
辙,7174
辚,7175
辛,7176
辜,7177
辞,7178
辟,7179
辣,7180
辦,7181
辨,7182
辩,7183
辫,7184
辭,7185
辮,7186
辯,7187
辰,7188
辱,7189
農,7190
辶,7191
边,7192
辽,7193
达,7194
迁,7195
迂,7196
迄,7197
迅,7198
过,7199
迈,7200
迎,7201
运,7202
近,7203
迓,7204
返,7205
迕,7206
还,7207
这,7208
进,7209
远,7210
违,7211
连,7212
迟,7213
迢,7214
迤,7215
迥,7216
迦,7217
迨,7218
迩,7219
迪,7220
迫,7221
迭,7222
迮,7223
述,7224
迳,7225
迷,7226
迸,7227
迹,7228
追,7229
退,7230
送,7231
适,7232
逃,7233
逄,7234
逅,7235
逆,7236
选,7237
逊,7238
逋,7239
逍,7240
透,7241
逐,7242
逑,7243
递,7244
途,7245
逕,7246
逖,7247
逗,7248
這,7249
通,7250
逛,7251
逝,7252
逞,7253
速,7254
造,7255
逡,7256
逢,7257
連,7258
逦,7259
逭,7260
逮,7261
逯,7262
進,7263
逵,7264
逶,7265
逸,7266
逻,7267
逼,7268
逾,7269
遁,7270
遂,7271
遄,7272
遇,7273
運,7274
遍,7275
過,7276
遏,7277
遐,7278
遑,7279
遒,7280
道,7281
達,7282
違,7283
遗,7284
遘,7285
遙,7286
遛,7287
遜,7288
遞,7289
遠,7290
遢,7291
遣,7292
遥,7293
遨,7294
適,7295
遭,7296
遮,7297
遲,7298
遴,7299
遵,7300
遷,7301
選,7302
遺,7303
遼,7304
遽,7305
避,7306
邀,7307
邁,7308
邂,7309
邃,7310
還,7311
邇,7312
邈,7313
邊,7314
邋,7315
邏,7316
邐,7317
邑,7318
邓,7319
邕,7320
邗,7321
邙,7322
邛,7323
邝,7324
邡,7325
邢,7326
那,7327
邦,7328
邪,7329
邬,7330
邮,7331
邯,7332
邰,7333
邱,7334
邳,7335
邴,7336
邵,7337
邶,7338
邸,7339
邹,7340
邺,7341
邻,7342
邾,7343
郁,7344
郄,7345
郅,7346
郇,7347
郊,7348
郎,7349
郏,7350
郐,7351
郑,7352
郓,7353
郗,7354
郛,7355
郜,7356
郝,7357
郟,7358
郡,7359
郢,7360
郦,7361
郧,7362
部,7363
郫,7364
郭,7365
郯,7366
郴,7367
郵,7368
郸,7369
都,7370
郾,7371
鄂,7372
鄄,7373
鄆,7374
鄉,7375
鄒,7376
鄔,7377
鄖,7378
鄙,7379
鄞,7380
鄢,7381
鄣,7382
鄧,7383
鄭,7384
鄯,7385
鄰,7386
鄱,7387
鄲,7388
鄴,7389
鄶,7390
鄹,7391
鄺,7392
酃,7393
酆,7394
酈,7395
酉,7396
酊,7397
酋,7398
酌,7399
配,7400
酎,7401
酏,7402
酐,7403
酒,7404
酗,7405
酚,7406
酝,7407
酞,7408
酡,7409
酢,7410
酣,7411
酤,7412
酥,7413
酩,7414
酪,7415
酬,7416
酮,7417
酯,7418
酰,7419
酱,7420
酲,7421
酴,7422
酵,7423
酶,7424
酷,7425
酸,7426
酹,7427
酽,7428
酾,7429
酿,7430
醅,7431
醇,7432
醉,7433
醋,7434
醌,7435
醍,7436
醐,7437
醑,7438
醒,7439
醖,7440
醚,7441
醛,7442
醜,7443
醞,7444
醢,7445
醣,7446
醪,7447
醫,7448
醬,7449
醭,7450
醮,7451
醯,7452
醴,7453
醵,7454
醺,7455
釀,7456
釁,7457
釃,7458
釅,7459
采,7460
釉,7461
释,7462
釋,7463
里,7464
重,7465
野,7466
量,7467
釐,7468
金,7469
釒,7470
釓,7471
釔,7472
釕,7473
釗,7474
釘,7475
釙,7476
釜,7477
針,7478
釣,7479
釤,7480
釧,7481
釩,7482
釵,7483
釷,7484
釹,7485
釺,7486
鈀,7487
鈁,7488
鈄,7489
鈈,7490
鈉,7491
鈍,7492
鈎,7493
鈐,7494
鈑,7495
鈔,7496
鈕,7497
鈞,7498
鈣,7499
鈥,7500
鈦,7501
鈧,7502
鈮,7503
鈰,7504
鈳,7505
鈴,7506
鈷,7507
鈸,7508
鈹,7509
鈺,7510
鈽,7511
鈾,7512
鈿,7513
鉀,7514
鉅,7515
鉈,7516
鉉,7517
鉍,7518
鉑,7519
鉕,7520
鉗,7521
鉚,7522
鉛,7523
鉞,7524
鉢,7525
鉤,7526
鉦,7527
鉬,7528
鉭,7529
鉴,7530
鉸,7531
鉺,7532
鉻,7533
鉿,7534
銀,7535
銃,7536
銅,7537
銎,7538
銑,7539
銓,7540
銖,7541
銘,7542
銚,7543
銜,7544
銠,7545
銣,7546
銥,7547
銦,7548
銨,7549
銩,7550
銪,7551
銫,7552
銬,7553
銮,7554
銱,7555
銳,7556
銷,7557
銹,7558
銻,7559
銼,7560
鋁,7561
鋃,7562
鋅,7563
鋇,7564
鋈,7565
鋌,7566
鋏,7567
鋒,7568
鋝,7569
鋟,7570
鋣,7571
鋤,7572
鋥,7573
鋦,7574
鋨,7575
鋪,7576
鋭,7577
鋮,7578
鋯,7579
鋰,7580
鋱,7581
鋶,7582
鋸,7583
鋼,7584
錁,7585
錄,7586
錆,7587
錇,7588
錈,7589
錐,7590
錒,7591
錕,7592
錘,7593
錙,7594
錚,7595
錛,7596
錟,7597
錠,7598
錢,7599
錦,7600
錨,7601
錫,7602
錮,7603
錯,7604
録,7605
錳,7606
錶,7607
錸,7608
錾,7609
鍀,7610
鍁,7611
鍃,7612
鍆,7613
鍇,7614
鍋,7615
鍍,7616
鍔,7617
鍘,7618
鍛,7619
鍤,7620
鍥,7621
鍩,7622
鍪,7623
鍬,7624
鍰,7625
鍵,7626
鍶,7627
鍺,7628
鎂,7629
鎄,7630
鎇,7631
鎊,7632
鎏,7633
鎖,7634
鎘,7635
鎚,7636
鎢,7637
鎣,7638
鎦,7639
鎧,7640
鎩,7641
鎪,7642
鎬,7643
鎮,7644
鎰,7645
鎳,7646
鎵,7647
鎸,7648
鎿,7649
鏃,7650
鏇,7651
鏈,7652
鏊,7653
鏌,7654
鏍,7655
鏑,7656
鏖,7657
鏗,7658
鏘,7659
鏜,7660
鏝,7661
鏞,7662
鏟,7663
鏡,7664
鏢,7665
鏤,7666
鏨,7667
鏵,7668
鏷,7669
鏹,7670
鏽,7671
鐃,7672
鐋,7673
鐐,7674
鐒,7675
鐓,7676
鐔,7677
鐘,7678
鐙,7679
鐝,7680
鐠,7681
鐦,7682
鐧,7683
鐨,7684
鐫,7685
鐮,7686
鐲,7687
鐳,7688
鐵,7689
鐸,7690
鐺,7691
鐾,7692
鐿,7693
鑄,7694
鑊,7695
鑌,7696
鑒,7697
鑔,7698
鑠,7699
鑣,7700
鑥,7701
鑫,7702
鑭,7703
鑰,7704
鑲,7705
鑷,7706
鑹,7707
鑼,7708
鑽,7709
鑾,7710
鑿,7711
钁,7712
钅,7713
钆,7714
钇,7715
针,7716
钉,7717
钊,7718
钋,7719
钌,7720
钍,7721
钎,7722
钏,7723
钐,7724
钒,7725
钓,7726
钔,7727
钕,7728
钗,7729
钙,7730
钚,7731
钛,7732
钜,7733
钝,7734
钞,7735
钟,7736
钠,7737
钡,7738
钢,7739
钣,7740
钤,7741
钥,7742
钦,7743
钧,7744
钨,7745
钩,7746
钪,7747
钫,7748
钬,7749
钭,7750
钮,7751
钯,7752
钰,7753
钱,7754
钲,7755
钳,7756
钴,7757
钵,7758
钶,7759
钷,7760
钸,7761
钹,7762
钺,7763
钻,7764
钼,7765
钽,7766
钾,7767
钿,7768
铀,7769
铁,7770
铂,7771
铃,7772
铄,7773
铅,7774
铆,7775
铈,7776
铉,7777
铊,7778
铋,7779
铌,7780
铍,7781
铎,7782
铐,7783
铑,7784
铒,7785
铕,7786
铖,7787
铗,7788
铘,7789
铙,7790
铛,7791
铜,7792
铝,7793
铞,7794
铟,7795
铠,7796
铡,7797
铢,7798
铣,7799
铤,7800
铥,7801
铧,7802
铨,7803
铩,7804
铪,7805
铫,7806
铬,7807
铭,7808
铮,7809
铯,7810
铰,7811
铱,7812
铲,7813
铳,7814
铴,7815
铵,7816
银,7817
铷,7818
铸,7819
铹,7820
铺,7821
铼,7822
铽,7823
链,7824
铿,7825
销,7826
锁,7827
锂,7828
锃,7829
锄,7830
锅,7831
锆,7832
锇,7833
锈,7834
锉,7835
锊,7836
锋,7837
锌,7838
锍,7839
锎,7840
锏,7841
锐,7842
锑,7843
锒,7844
锓,7845
锔,7846
锕,7847
锖,7848
锗,7849
锘,7850
错,7851
锚,7852
锛,7853
锝,7854
锞,7855
锟,7856
锡,7857
锢,7858
锣,7859
锤,7860
锥,7861
锦,7862
锨,7863
锩,7864
锪,7865
锫,7866
锬,7867
锭,7868
键,7869
锯,7870
锰,7871
锱,7872
锲,7873
锴,7874
锵,7875
锶,7876
锷,7877
锸,7878
锹,7879
锺,7880
锻,7881
锼,7882
锾,7883
锿,7884
镀,7885
镁,7886
镂,7887
镄,7888
镅,7889
镆,7890
镇,7891
镉,7892
镊,7893
镌,7894
镍,7895
镎,7896
镏,7897
镐,7898
镑,7899
镒,7900
镓,7901
镔,7902
镖,7903
镗,7904
镘,7905
镙,7906
镛,7907
镜,7908
镝,7909
镞,7910
镟,7911
镡,7912
镢,7913
镣,7914
镤,7915
镥,7916
镦,7917
镧,7918
镨,7919
镩,7920
镪,7921
镫,7922
镬,7923
镭,7924
镯,7925
镰,7926
镱,7927
镲,7928
镳,7929
镶,7930
長,7931
长,7932
門,7933
閂,7934
閃,7935
閆,7936
閉,7937
開,7938
閌,7939
閎,7940
閏,7941
閑,7942
間,7943
閔,7944
閘,7945
閡,7946
閣,7947
閥,7948
閨,7949
閩,7950
閫,7951
閬,7952
閭,7953
閱,7954
閲,7955
閶,7956
閹,7957
閻,7958
閼,7959
閽,7960
閾,7961
閿,7962
闃,7963
闆,7964
闈,7965
闊,7966
闋,7967
闌,7968
闐,7969
闔,7970
闕,7971
闖,7972
關,7973
闞,7974
闡,7975
闥,7976
门,7977
闩,7978
闪,7979
闫,7980
闭,7981
问,7982
闯,7983
闰,7984
闱,7985
闲,7986
闳,7987
间,7988
闵,7989
闶,7990
闷,7991
闸,7992
闹,7993
闺,7994
闻,7995
闼,7996
闽,7997
闾,7998
阀,7999
阁,8000
阂,8001
阃,8002
阄,8003
阅,8004
阆,8005
阈,8006
阉,8007
阊,8008
阋,8009
阌,8010
阍,8011
阎,8012
阏,8013
阐,8014
阑,8015
阒,8016
阔,8017
阕,8018
阖,8019
阗,8020
阙,8021
阚,8022
阜,8023
队,8024
阡,8025
阢,8026
阪,8027
阮,8028
阱,8029
防,8030
阳,8031
阴,8032
阵,8033
阶,8034
阻,8035
阼,8036
阽,8037
阿,8038
陀,8039
陂,8040
附,8041
际,8042
陆,8043
陇,8044
陈,8045
陉,8046
陋,8047
陌,8048
降,8049
限,8050
陔,8051
陕,8052
陘,8053
陛,8054
陝,8055
陟,8056
陡,8057
院,8058
陣,8059
除,8060
陧,8061
陨,8062
险,8063
陪,8064
陬,8065
陰,8066
陲,8067
陳,8068
陴,8069
陵,8070
陶,8071
陷,8072
陸,8073
陽,8074
隅,8075
隆,8076
隈,8077
隉,8078
隊,8079
隋,8080
隍,8081
階,8082
随,8083
隐,8084
隔,8085
隕,8086
隗,8087
隘,8088
隙,8089
際,8090
障,8091
隧,8092
隨,8093
險,8094
隰,8095
隱,8096
隳,8097
隴,8098
隶,8099
隸,8100
隹,8101
隻,8102
隼,8103
隽,8104
难,8105
雀,8106
雁,8107
雄,8108
雅,8109
集,8110
雇,8111
雉,8112
雋,8113
雌,8114
雍,8115
雎,8116
雏,8117
雒,8118
雖,8119
雙,8120
雛,8121
雜,8122
雞,8123
雠,8124
離,8125
難,8126
雨,8127
雩,8128
雪,8129
雯,8130
雲,8131
雳,8132
零,8133
雷,8134
雹,8135
電,8136
雾,8137
需,8138
霁,8139
霄,8140
霆,8141
震,8142
霈,8143
霉,8144
霍,8145
霎,8146
霏,8147
霓,8148
霖,8149
霜,8150
霞,8151
霧,8152
霪,8153
霭,8154
霰,8155
露,8156
霸,8157
霹,8158
霽,8159
霾,8160
靂,8161
靄,8162
靈,8163
青,8164
靓,8165
靖,8166
静,8167
靚,8168
靛,8169
靜,8170
非,8171
靠,8172
靡,8173
面,8174
靥,8175
靦,8176
靨,8177
革,8178
靳,8179
靴,8180
靶,8181
靼,8182
鞀,8183
鞅,8184
鞋,8185
鞍,8186
鞏,8187
鞑,8188
鞒,8189
鞔,8190
鞘,8191
鞝,8192
鞠,8193
鞣,8194
鞫,8195
鞭,8196
鞯,8197
鞲,8198
鞴,8199
鞽,8200
韁,8201
韃,8202
韉,8203
韋,8204
韌,8205
韓,8206
韙,8207
韜,8208
韞,8209
韦,8210
韧,8211
韩,8212
韪,8213
韫,8214
韬,8215
韭,8216
音,8217
韵,8218
韶,8219
韻,8220
響,8221
頁,8222
頂,8223
頃,8224
項,8225
順,8226
頇,8227
須,8228
頊,8229
頌,8230
頎,8231
頏,8232
預,8233
頑,8234
頒,8235
頓,8236
頗,8237
領,8238
頜,8239
頡,8240
頤,8241
頦,8242
頭,8243
頰,8244
頷,8245
頸,8246
頹,8247
頻,8248
頽,8249
顆,8250
題,8251
額,8252
顎,8253
顏,8254
顓,8255
顔,8256
願,8257
顙,8258
顛,8259
類,8260
顢,8261
顥,8262
顧,8263
顫,8264
顬,8265
顯,8266
顰,8267
顱,8268
顳,8269
顴,8270
页,8271
顶,8272
顷,8273
顸,8274
项,8275
顺,8276
须,8277
顼,8278
顽,8279
顾,8280
顿,8281
颀,8282
颁,8283
颂,8284
颃,8285
预,8286
颅,8287
领,8288
颇,8289
颈,8290
颉,8291
颊,8292
颌,8293
颍,8294
颏,8295
颐,8296
频,8297
颓,8298
颔,8299
颖,8300
颗,8301
题,8302
颚,8303
颛,8304
颜,8305
额,8306
颞,8307
颟,8308
颠,8309
颡,8310
颢,8311
颤,8312
颥,8313
颦,8314
颧,8315
風,8316
颮,8317
颯,8318
颱,8319
颳,8320
颶,8321
颼,8322
飄,8323
飆,8324
飈,8325
风,8326
飑,8327
飒,8328
飓,8329
飕,8330
飘,8331
飙,8332
飚,8333
飛,8334
飞,8335
食,8336
飠,8337
飢,8338
飧,8339
飨,8340
飩,8341
飪,8342
飫,8343
飭,8344
飯,8345
飲,8346
飴,8347
飼,8348
飽,8349
飾,8350
餃,8351
餅,8352
餉,8353
養,8354
餌,8355
餍,8356
餐,8357
餑,8358
餒,8359
餓,8360
餚,8361
餛,8362
餞,8363
餡,8364
館,8365
餮,8366
餱,8367
餳,8368
餷,8369
餼,8370
餾,8371
餿,8372
饃,8373
饅,8374
饈,8375
饉,8376
饊,8377
饋,8378
饌,8379
饑,8380
饒,8381
饔,8382
饕,8383
饗,8384
饜,8385
饞,8386
饢,8387
饣,8388
饥,8389
饧,8390
饨,8391
饩,8392
饪,8393
饫,8394
饬,8395
饭,8396
饮,8397
饯,8398
饰,8399
饱,8400
饲,8401
饴,8402
饵,8403
饶,8404
饷,8405
饺,8406
饼,8407
饽,8408
饿,8409
馀,8410
馁,8411
馄,8412
馅,8413
馆,8414
馇,8415
馈,8416
馊,8417
馋,8418
馍,8419
馏,8420
馐,8421
馑,8422
馒,8423
馓,8424
馔,8425
馕,8426
首,8427
馗,8428
馘,8429
香,8430
馥,8431
馨,8432
馬,8433
馭,8434
馮,8435
馱,8436
馳,8437
馴,8438
駁,8439
駐,8440
駑,8441
駒,8442
駔,8443
駕,8444
駘,8445
駙,8446
駛,8447
駝,8448
駟,8449
駡,8450
駢,8451
駭,8452
駱,8453
駿,8454
騁,8455
騅,8456
騍,8457
騎,8458
騏,8459
騖,8460
騙,8461
騫,8462
騭,8463
騮,8464
騰,8465
騶,8466
騷,8467
騸,8468
騾,8469
驀,8470
驁,8471
驂,8472
驃,8473
驄,8474
驅,8475
驊,8476
驍,8477
驏,8478
驕,8479
驗,8480
驚,8481
驛,8482
驟,8483
驢,8484
驤,8485
驥,8486
驪,8487
马,8488
驭,8489
驮,8490
驯,8491
驰,8492
驱,8493
驳,8494
驴,8495
驵,8496
驶,8497
驷,8498
驸,8499
驹,8500
驺,8501
驻,8502
驼,8503
驽,8504
驾,8505
驿,8506
骀,8507
骁,8508
骂,8509
骄,8510
骅,8511
骆,8512
骇,8513
骈,8514
骊,8515
骋,8516
验,8517
骏,8518
骐,8519
骑,8520
骒,8521
骓,8522
骖,8523
骗,8524
骘,8525
骚,8526
骛,8527
骜,8528
骝,8529
骞,8530
骟,8531
骠,8532
骡,8533
骢,8534
骣,8535
骤,8536
骥,8537
骧,8538
骨,8539
骯,8540
骰,8541
骱,8542
骶,8543
骷,8544
骸,8545
骺,8546
骼,8547
髀,8548
髁,8549
髂,8550
髅,8551
髋,8552
髌,8553
髏,8554
髑,8555
髒,8556
髓,8557
體,8558
髕,8559
髖,8560
高,8561
髟,8562
髡,8563
髦,8564
髫,8565
髭,8566
髮,8567
髯,8568
髹,8569
髻,8570
鬃,8571
鬆,8572
鬈,8573
鬍,8574
鬏,8575
鬓,8576
鬚,8577
鬟,8578
鬢,8579
鬣,8580
鬥,8581
鬧,8582
鬩,8583
鬮,8584
鬯,8585
鬱,8586
鬲,8587
鬻,8588
鬼,8589
魁,8590
魂,8591
魃,8592
魄,8593
魅,8594
魇,8595
魈,8596
魉,8597
魍,8598
魎,8599
魏,8600
魑,8601
魔,8602
魘,8603
魚,8604
魯,8605
魴,8606
魷,8607
鮁,8608
鮃,8609
鮎,8610
鮐,8611
鮑,8612
鮒,8613
鮚,8614
鮝,8615
鮞,8616
鮪,8617
鮫,8618
鮭,8619
鮮,8620
鯀,8621
鯁,8622
鯇,8623
鯉,8624
鯊,8625
鯔,8626
鯖,8627
鯗,8628
鯛,8629
鯝,8630
鯡,8631
鯢,8632
鯤,8633
鯧,8634
鯨,8635
鯪,8636
鯫,8637
鯰,8638
鯴,8639
鯽,8640
鯿,8641
鰉,8642
鰍,8643
鰐,8644
鰒,8645
鰓,8646
鰠,8647
鰣,8648
鰥,8649
鰨,8650
鰩,8651
鰭,8652
鰱,8653
鰲,8654
鰳,8655
鰵,8656
鰷,8657
鰹,8658
鰻,8659
鰾,8660
鱅,8661
鱈,8662
鱉,8663
鱒,8664
鱔,8665
鱖,8666
鱗,8667
鱘,8668
鱝,8669
鱟,8670
鱧,8671
鱭,8672
鱷,8673
鱸,8674
鱺,8675
鱼,8676
鱿,8677
鲁,8678
鲂,8679
鲅,8680
鲆,8681
鲇,8682
鲈,8683
鲋,8684
鲍,8685
鲎,8686
鲐,8687
鲑,8688
鲒,8689
鲔,8690
鲕,8691
鲚,8692
鲛,8693
鲜,8694
鲞,8695
鲟,8696
鲠,8697
鲡,8698
鲢,8699
鲣,8700
鲤,8701
鲥,8702
鲦,8703
鲧,8704
鲨,8705
鲩,8706
鲫,8707
鲭,8708
鲮,8709
鲰,8710
鲱,8711
鲲,8712
鲳,8713
鲴,8714
鲵,8715
鲷,8716
鲸,8717
鲺,8718
鲻,8719
鲼,8720
鳃,8721
鳄,8722
鳅,8723
鳆,8724
鳇,8725
鳊,8726
鳋,8727
鳌,8728
鳍,8729
鳎,8730
鳏,8731
鳐,8732
鳓,8733
鳔,8734
鳕,8735
鳖,8736
鳗,8737
鳘,8738
鳙,8739
鳜,8740
鳝,8741
鳞,8742
鳟,8743
鳢,8744
鳥,8745
鳧,8746
鳩,8747
鳬,8748
鳳,8749
鳴,8750
鳶,8751
鴆,8752
鴇,8753
鴉,8754
鴕,8755
鴛,8756
鴝,8757
鴟,8758
鴣,8759
鴦,8760
鴨,8761
鴯,8762
鴰,8763
鴻,8764
鴿,8765
鵂,8766
鵑,8767
鵒,8768
鵓,8769
鵜,8770
鵝,8771
鵠,8772
鵡,8773
鵪,8774
鵬,8775
鵯,8776
鵲,8777
鶇,8778
鶉,8779
鶓,8780
鶘,8781
鶚,8782
鶥,8783
鶩,8784
鶯,8785
鶴,8786
鶻,8787
鶼,8788
鶿,8789
鷀,8790
鷂,8791
鷄,8792
鷓,8793
鷗,8794
鷙,8795
鷚,8796
鷥,8797
鷦,8798
鷲,8799
鷳,8800
鷸,8801
鷹,8802
鷺,8803
鸌,8804
鸕,8805
鸚,8806
鸛,8807
鸝,8808
鸞,8809
鸟,8810
鸠,8811
鸡,8812
鸢,8813
鸣,8814
鸥,8815
鸦,8816
鸨,8817
鸩,8818
鸪,8819
鸫,8820
鸬,8821
鸭,8822
鸯,8823
鸱,8824
鸲,8825
鸳,8826
鸵,8827
鸶,8828
鸷,8829
鸸,8830
鸹,8831
鸺,8832
鸽,8833
鸾,8834
鸿,8835
鹁,8836
鹂,8837
鹃,8838
鹄,8839
鹅,8840
鹆,8841
鹇,8842
鹈,8843
鹉,8844
鹊,8845
鹋,8846
鹌,8847
鹎,8848
鹏,8849
鹑,8850
鹕,8851
鹗,8852
鹘,8853
鹚,8854
鹛,8855
鹜,8856
鹞,8857
鹣,8858
鹤,8859
鹦,8860
鹧,8861
鹨,8862
鹪,8863
鹫,8864
鹬,8865
鹭,8866
鹰,8867
鹱,8868
鹳,8869
鹵,8870
鹹,8871
鹼,8872
鹽,8873
鹿,8874
麂,8875
麇,8876
麈,8877
麋,8878
麒,8879
麓,8880
麗,8881
麝,8882
麟,8883
麥,8884
麦,8885
麩,8886
麴,8887
麵,8888
麸,8889
麻,8890
麼,8891
麽,8892
麾,8893
黃,8894
黄,8895
黉,8896
黌,8897
黍,8898
黎,8899
黏,8900
黑,8901
黔,8902
默,8903
黛,8904
黜,8905
黝,8906
點,8907
黟,8908
黠,8909
黢,8910
黥,8911
黧,8912
黨,8913
黩,8914
黪,8915
黯,8916
黲,8917
黷,8918
黹,8919
黻,8920
黼,8921
黽,8922
黾,8923
黿,8924
鼉,8925
鼋,8926
鼍,8927
鼎,8928
鼐,8929
鼓,8930
鼗,8931
鼙,8932
鼠,8933
鼢,8934
鼬,8935
鼯,8936
鼴,8937
鼷,8938
鼹,8939
鼻,8940
鼽,8941
鼾,8942
齄,8943
齊,8944
齋,8945
齎,8946
齏,8947
齐,8948
齑,8949
齒,8950
齔,8951
齙,8952
齜,8953
齟,8954
齠,8955
齡,8956
齦,8957
齪,8958
齬,8959
齲,8960
齶,8961
齷,8962
齿,8963
龀,8964
龃,8965
龄,8966
龅,8967
龆,8968
龇,8969
龈,8970
龉,8971
龊,8972
龋,8973
龌,8974
龍,8975
龐,8976
龔,8977
龕,8978
龙,8979
龚,8980
龛,8981
龜,8982
龟,8983
龠,8984
