word,label
һ,0
,1
,2
,3
,4
,5
,6
,7
,8
,9
ؤ,10
,11
ר,12
,13
ا,14
,15
,16
,17
ҵ,18
,19
,20
˿,21
ة,22
G,23
,24
,25
,26
K,27
ɥ,28
,29
Ѿ,30
,31
,32
,33
,34
,35
,36
,37
Ϊ,38
,39
,40
,41
,42
,43
ر,44
ô,45
,46
֮,47
,48
է,49
,50
,51
,52
ƹ,53
,54
,55
,56
,57
,58
ؿ,59
,60
,61
Ҳ,62
ϰ,63
,64
,65
,66
,67
,68
,69
y,70
,71
,72
,73
,74
,75
,76
,77
,78
,79
,80
,81
,82
ب,83
,84
Щ,85
,86
ؽ,87
,88
,89
,90
,91
,92
,93
,94
,95
Ķ,96
,97
,98
ͤ,99
,100
,101
,102
,103
,104
,105
,106
ʲ,107
,108
,109
,110
,111
,112
,113
,114
,115
,116
,117
,118
,119
,120
,121
,122
,123
,124
,125
,126
,127
,128
,129
Ǫ,130
,131
,132
,133
,134
,135
,136
,137
,138
,139
,140
,141
,142
,143
,144
,145
,146
,147
,148
,149
,150
,151
,152
,153
,154
,155
,156
,157
,158
,159
ɡ,160
ΰ,161
,162
,163
,164
,165
,166
,167
α,168
,169
,170
,171
٣,172
,173
,174
,175
,176
,177
٤,178
,179
,180
,181
λ,182
,183
ס,184
,185
,186
,187
,188
٢,189
,190
,191
,192
,193
,194
,195
١,196
,197
Ӷ,198
,199
,200
,201
,202
,203
,204
,205
٦,206
,207
٥,208
٬,209
ٮ,210
٫,211
ʹ,212
٩,213
ֶ,214
,215
,216
٨,217
,218
,219
٪,220
٧,221
ٰ,222
,223
,224
,225
,226
,227
,228
,229
,230
,231
,232
,233
٭,234
ٯ,235
,236
,237
,238
H,239
,240
R,241
S,242
,243
,244
ٴ,245
,246
,247
,248
,249
ٸ,250
,251
,252
ٵ,253
ٷ,254
,255
,256
ٹ,257
b,258
,259
ٶ,260
ٱ,261
ٲ,262
,263
ٳ,264
,265
,266
,267
,268
ٽ,269
ٺ,270
,271
,272
t,273
z,274
},275
,276
,277
,278
ٿ,279
,280
,281
,282
,283
,284
,285
,286
,287
,288
,289
,290
,291
ٻ,292
,293
,294
پ,295
,296
,297
ծ,298
ֵ,299
,300
,301
,302
,303
,304
ټ,305
,306
ƫ,307
,308
,309
ͣ,310
,311
,312
,313
,314
ż,315
͵,316
,317
,318
,319
,320
,321
,322
,323
,324
,325
,326
,327
,328
,329
,330
,331
,332
,333
,334
,335
,336
,337
,338
,339
,340
,341
ɵ,342
A,343
E,344
H,345
L,346
,347
S,348
W,349
,350
,351
^,352
e,353
,354
ɮ,355
f,356
,357
,358
,359
,360
,361
r,362
Ƨ,363
x,364
z,365
|,366
,367
,368
~,369
,370
,371
,372
,373
,374
,375
,376
,377
,378
,379
,380
,381
,382
,383
,384
أ,385
,386
Ԫ,387
,388
,389
,390
,391
,392
,393
,394
,395
,396
,397
,398
,399
,400
,401
,402
,403
,404
,405
,406
ȫ,407
,408
,409
,410
,411
,412
,413
,414
,415
,416
,417
,418
,419
,420
,421
,422
,423
,424
,425
,426
,427
,428
,429
Ƚ,430
,431
,432
,433
ð,434
,435
,436
д,437
,438
ũ,439
,440
ڣ,441
ԩ,442
ڤ,443
,444
,445
,446
,447
,448
,449
,450
,451
,452
ұ,453
,454
,455
,456
,457
,458
,459
׼,460
ڡ,461
,462
,463
,464
,465
,466
,467
,468
C,469
,470
,471
,472
,473
,474
ƾ,475
,476
,477
P,478
,479
,480
,481
͹,482
,483
,484
,485
,486
,487
,488
,489
,490
,491
,492
,493
,494
,495
,496
ۻ,497
,498
,499
,500
,501
,502
,503
,504
,505
,506
,507
ɾ,508
,509
e,510
,511
,512
h,513
,514
,515
,516
,517
,518
,519
ˢ,520
ȯ,521
ɲ,522
,523
,524
,525
,526
,527
,528
,529
,530
q,531
t,532
,533
w,534
,535
ǰ,536
x,537
,538
,539
,540
,541
,542
,543
,544
,545
,546
,547
,548
ʣ,549
,550
,551
,552
,553
,554
,555
,556
,557
,558
,559
,560
,561
,562
,563
,564
,565
,566
,567
,568
,569
Ȱ,570
,571
,572
,573
,574
۽,575
,576
,577
,578
Ŭ,579
,580
۾,581
ۿ,582
,583
,584
,585
,586
,587
,588
,589
,590
,591
ѫ,592
,593
,594
,595
,596
,597
,598
,599
,600
ļ,601
,602
,603
,604
,605
,606
,607
,608
,609
,610
,611
,612
,613
,614
,615
,616
,617
,618
ذ,619
,620
,621
,622
,623
,624
,625
ϻ,626
,627
,628
Q,629
,630
R,631
T,632
ƥ,633
,634
ҽ,635
,636
,637
^,638
ʮ,639
ǧ,640
ئ,641
,642
,643
,644
,645
,646
Э,647
,648
,649
׿,650
f,651
,652
,653
,654
,655
,656
,657
߲,658
ռ,659
,660
¬,661
,662
±,663
,664
,665
,666
,667
ش,668
î,669
ӡ,670
Σ,671
,672
ȴ,673
,674
,675
ж,676
,677
s,678
,679
,680
,681
,682
,683
,684
ѹ,685
,686
,687
,688
,689
,690
,691
,692
ԭ,693
,694
,695
,696
,697
,698
,699
,700
,701
,702
,703
,704
,705
ȥ,706
,707
,708
,709
,710
,711
,712
,713
,714
,715
˫,716
,717
,718
,719
ȡ,720
,721
,722
,723
,724
,725
,726
,727
,728
,729
,730
߶,731
ߵ,732
ֻ,733
,734
,735
,736
,737
,738
̨,739
߳,740
ʷ,741
,742
,743
Ҷ,744
,745
˾,746
̾,747
߷,748
,749
ߴ,750
,751
,752
,753
ߺ,754
,755
,756
,757
ͬ,758
,759
,760
,761
,762
,763
߸,764
,765
,766
߹,767
,768
,769
,770
,771
,772
,773
,774
,775
,776
,777
,778
,779
,780
,781
,782
˱,783
,784
֨,785
,786
,787
,788
,789
,790
,791
,792
,793
,794
,795
ѽ,796
,797
,798
,799
,800
,801
߻,802
,803
߼,804
߽,805
߾,806
Ż,807
߿,808
Ա,809
Ǻ,810
,811
,812
,813
,814
,815
,816
ζ,817
,818
,819
,820
,821
,822
,823
,824
,825
,826
,827
,828
զ,829
,830
,831
ӽ,832
,833
,834
,835
,836
,837
,838
,839
,840
,841
,842
,843
,844
,845
,846
,847
,848
ҧ,849
,850
,851
,852
,853
,854
,855
,856
,857
,858
,859
Ʒ,860
,861
,862
,863
,864
,865
,866
,867
,868
,869
,870
,871
,872
,873
,874
,875
,876
,877
,878
,879
,880
,881
Ӵ,882
T,883
,884
Ŷ,885
,886
,887
,888
,889
,890
,891
,892
,893
,894
,895
,896
,897
,898
,899
,900
,901
,902
,903
,904
,905
w,906
,907
,908
,909
,910
,911
,912
,913
,914
Ψ,915
,916
,917
,918
,919
,920
,921
,922
,923
,924
,925
,926
,927
,928
,929
,930
,931
,932
,933
,934
,935
,936
ơ,937
ɶ,938
,939
,940
ž,941
,942
,943
,944
,945
,946
Х,947
,948
,949
,950
,951
,952
ι,953
,954
,955
,956
,957
,958
,959
,960
,961
,962
,963
,964
,965
,966
ϲ,967
,968
,969
,970
,971
,972
,973
,974
,975
,976
,977
,978
,979
,980
,981
,982
,983
,984
,985
,986
,987
,988
,989
,990
,991
,992
ɤ,993
,994
,995
,996
,997
,998
,999
,1000
,1001
,1002
,1003
,1004
,1005
,1006
,1007
,1008
,1009
,1010
,1011
,1012
,1013
,1014
,1015
,1016
,1017
,1018
@,1019
,1020
,1021
,1022
D,1023
,1024
,1025
I,1026
K,1027
L,1028
,1029
,1030
O,1031
,1032
,1033
,1034
,1035
W,1036
,1037
,1038
Z,1039
[,1040
\,1041
,1042
,1043
,1044
^,1045
˻,1046
`,1047
,1048
,1049
,1050
,1051
,1052
ҭ,1053
u,1054
,1055
,1056
,1057
,1058
,1059
z,1060
},1061
,1062
,1063
,1064
,1065
,1066
ج,1067
,1068
,1069
,1070
,1071
,1072
,1073
,1074
,1075
,1076
,1077
,1078
,1079
,1080
,1081
,1082
,1083
,1084
,1085
,1086
,1087
,1088
,1089
,1090
,1091
,1092
,1093
,1094
,1095
,1096
,1097
,1098
,1099
,1100
,1101
,1102
,1103
,1104
,1105
,1106
,1107
,1108
,1109
,1110
ض,1111
,1112
,1113
,1114
,1115
,1116
,1117
԰,1118
,1119
,1120
Χ,1121
,1122
,1123
,1124
,1125
ͼ,1126
Բ,1127
,1128
Ȧ,1129
,1130
,1131
A,1132
,1133
,1134
,1135
,1136
,1137
,1138
,1139
,1140
,1141
ַ,1142
,1143
,1144
,1145
,1146
̮,1147
,1148
,1149
,1150
,1151
,1152
,1153
̳,1154
,1155
,1156
,1157
,1158
׹,1159
,1160
,1161
̹,1162
,1163
ƺ,1164
,1165
,1166
,1167
,1168
,1169
,1170
,1171
,1172
,1173
,1174
¢,1175
,1176
,1177
,1178
,1179
,1180
,1181
,1182
,1183
,1184
,1185
ԫ,1186
,1187
,1188
,1189
,1190
,1191
,1192
,1193
,1194
,1195
,1196
,1197
,1198
,1199
,1200
,1201
,1202
,1203
,1204
,1205
,1206
,1207
,1208
,1209
,1210
,1211
,1212
,1213
ܤ,1214
,1215
,1216
,1217
,1218
,1219
,1220
,1221
ܣ,1222
ܥ,1223
,1224
,1225
,1226
,1227
,1228
ܡ,1229
ܢ,1230
ǵ,1231
,1232
,1233
ܧ,1234
,1235
ܦ,1236
ܩ,1237
,1238
,1239
,1240
,1241
,1242
,1243
,1244
,1245
ܨ,1246
K,1247
L,1248
,1249
,1250
N,1251
,1252
P,1253
,1254
T,1255
,1256
,1257
],1258
_,1259
ܪ,1260
,1261
ܫ,1262
m,1263
q,1264
,1265
ܯ,1266
ܬ,1267
,1268
,1269
ܭ,1270
|,1271
,1272
Ĺ,1273
ǽ,1274
ܮ,1275
,1276
,1277
,1278
ī,1279
,1280
,1281
,1282
,1283
,1284
,1285
,1286
,1287
,1288
,1289
,1290
,1291
,1292
,1293
,1294
,1295
,1296
,1297
,1298
,1299
,1300
ʿ,1301
,1302
׳,1303
,1304
,1305
,1306
,1307
Ҽ,1308
,1309
,1310
,1311
,1312
,1313
,1314
,1315
,1316
Ϧ,1317
,1318
,1319
,1320
ҹ,1321
,1322
,1323
,1324
,1325
,1326
,1327
̫,1328
,1329
ز,1330
,1331
,1332
ʧ,1333
ͷ,1334
,1335
,1336
,1337
,1338
,1339
A,1340
,1341
ۼ,1342
,1343
,1344
,1345
,1346
,1347
,1348
,1349
J,1350
,1351
,1352
,1353
,1354
,1355
,1356
,1357
,1358
,1359
,1360
W,1361
Y,1362
Z,1363
\,1364
^,1365
Ů,1366
ū,1367
,1368
,1369
,1370
g,1371
,1372
,1373
,1374
,1375
,1376
ױ,1377
,1378
,1379
,1380
,1381
,1382
,1383
,1384
,1385
,1386
y,1387
,1388
,1389
,1390
,1391
,1392
,1393
,1394
,1395
,1396
,1397
,1398
,1399
,1400
,1401
ķ,1402
,1403
ʼ,1404
,1405
,1406
,1407
,1408
,1409
ί,1410
,1411
,1412
Ҧ,1413
,1414
,1415
,1416
,1417
,1418
,1419
,1420
,1421
,1422
,1423
,1424
,1425
¦,1426
,1427
,1428
,1429
,1430
,1431
,1432
,1433
,1434
,1435
,1436
,1437
,1438
,1439
,1440
,1441
,1442
,1443
,1444
,1445
Ȣ,1446
,1447
,1448
,1449
,1450
,1451
,1452
,1453
,1454
,1455
D,1456
,1457
,1458
I,1459
Ӥ,1460
,1461
,1462
,1463
,1464
,1465
ý,1466
,1467
,1468
z,1469
,1470
,1471
,1472
ϱ,1473
,1474
,1475
,1476
,1477
,1478
,1479
ɩ,1480
,1481
,1482
,1483
,1484
,1485
,1486
,1487
,1488
,1489
,1490
,1491
,1492
,1493
,1494
,1495
,1496
,1497
,1498
,1499
,1500
,1501
,1502
,1503
,1504
,1505
,1506
,1507
,1508
,1509
,1510
,1511
,1512
,1513
,1514
D,1515
,1516
,1517
,1518
,1519
,1520
,1521
,1522
,1523
,1524
,1525
,1526
Т,1527
,1528
,1529
,1530
,1531
,1532
ѧ,1533
,1534
,1535
O,1536
ث,1537
,1538
,1539
,1540
,1541
W,1542
,1543
,1544
\,1545
,1546
,1547
,1548
,1549
լ,1550
,1551
,1552
,1553
,1554
,1555
,1556
,1557
,1558
,1559
,1560
,1561
,1562
,1563
,1564
,1565
ʵ,1566
,1567
,1568
,1569
,1570
,1571
,1572
,1573
,1574
,1575
m,1576
,1577
,1578
,1579
,1580
,1581
,1582
,1583
,1584
,1585
,1586
,1587
,1588
,1589
,1590
,1591
,1592
,1593
,1594
Ԣ,1595
,1596
į,1597
,1598
,1599
,1600
,1601
,1602
,1603
,1604
կ,1605
,1606
,1607
,1608
,1609
,1610
,1611
,1612
,1613
,1614
,1615
Ѱ,1616
,1617
,1618
,1619
,1620
,1621
,1622
,1623
ξ,1624
,1625
,1626
,1627
С,1628
,1629
,1630
,1631
,1632
,1633
,1634
,1635
,1636
,1637
,1638
Ң,1639
,1640
,1641
,1642
,1643
ʬ,1644
,1645
,1646
,1647
,1648
,1649
β,1650
,1651
,1652
ƨ,1653
,1654
,1655
,1656
,1657
,1658
,1659
,1660
,1661
ʺ,1662
,1663
,1664
м,1665
չ,1666
,1667
,1668
,1669
,1670
,1671
,1672
,1673
,1674
,1675
,1676
,1677
,1678
,1679
ɽ,1680
,1681
,1682
,1683
,1684
,1685
,1686
,1687
,1688
,1689
,1690
,1691
,1692
,1693
,1694
,1695
,1696
,1697
,1698
,1699
,1700
,1701
,1702
,1703
,1704
,1705
,1706
,1707
,1708
,1709
,1710
,1711
,1712
,1713
,1714
,1715
,1716
,1717
Ͽ,1718
,1719
,1720
,1721
,1722
,1723
,1724
,1725
s,1726
u,1727
,1728
{,1729
,1730
,1731
,1732
,1733
,1734
,1735
,1736
,1737
,1738
,1739
,1740
,1741
,1742
,1743
,1744
,1745
,1746
ո,1747
,1748
,1749
,1750
,1751
,1752
,1753
,1754
Ƕ,1755
,1756
,1757
,1758
,1759
,1760
,1761
,1762
,1763
,1764
,1765
,1766
,1767
,1768
,1769
,1770
,1771
,1772
F,1773
S,1774
,1775
V,1776
X,1777
Z,1778
,1779
h,1780
Ρ,1781
n,1782
p,1783
,1784
,1785
,1786
Ѳ,1787
,1788
,1789
,1790
,1791
,1792
,1793
,1794
,1795
,1796
,1797
,1798
,1799
,1800
,1801
,1802
,1803
,1804
,1805
˧,1806
,1807
ʦ,1808
ϣ,1809
,1810
,1811
,1812
,1813
,1814
,1815
,1816
,1817
,1818
,1819
,1820
,1821
,1822
,1823
֡,1824
,1825
ϯ,1826
,1827
,1828
,1829
,1830
,1831
,1832
,1833
,1834
ñ,1835
,1836
,1837
,1838
,1839
,1840
,1841
,1842
Ļ,1843
,1844
,1845
,1846
,1847
,1848
,1849
,1850
,1851
,1852
,1853
,1854
ƽ,1855
,1856
,1857
,1858
,1859
,1860
,1861
,1862
,1863
,1864
,1865
,1866
ׯ,1867
,1868
,1869
,1870
,1871
,1872
®,1873
,1874
,1875
Ӧ,1876
,1877
,1878
,1879
,1880
,1881
,1882
,1883
,1884
,1885
,1886
,1887
,1888
,1889
ͥ,1890
,1891
,1892
,1893
,1894
ӹ,1895
,1896
,1897
,1898
,1899
,1900
B,1901
,1902
,1903
,1904
,1905
,1906
,1907
N,1908
,1909
P,1910
R,1911
S,1912
T,1913
U,1914
V,1915
[,1916
,1917
],1918
d,1919
,1920
,1921
͢,1922
,1923
,1924
إ,1925
,1926
,1927
,1928
,1929
Ū,1930
,1931
,1932
߮,1933
ʽ,1934
߱,1935
s,1936
,1937
,1938
,1939
,1940
,1941
,1942
,1943
,1944
,1945
,1946
,1947
,1948
,1949
,1950
,1951
,1952
,1953
,1954
,1955
ǿ,1956
,1957
,1958
,1959
,1960
,1961
,1962
,1963
,1964
¼,1965
,1966
,1967
,1968
,1969
,1970
,1971
,1972
ͮ,1973
,1974
,1975
,1976
,1977
,1978
,1979
,1980
Ӱ,1981
,1982
,1983
,1984
,1985
,1986
,1987
,1988
,1989
,1990
,1991
,1992
,1993
,1994
,1995
,1996
,1997
,1998
,1999
ͽ,2000
,2001
,2002
,2003
,2004
,2005
,2006
,2007
,2008
,2009
,2010
ѭ,2011
,2012
΢,2013
,2014
,2015
,2016
,2017
,2018
,2019
,2020
,2021
,2022
,2023
,2024
,2025
,2026
,2027
߯,2028
,2029
־,2030
,2031
æ,2032
,2033
,2034
,2035
,2036
,2037
,2038
,2039
,2040
,2041
,2042
,2043
,2044
,2045
,2046
,2047
,2048
,2049
̬,2050
,2051
,2052
,2053
,2054
,2055
,2056
,2057
,2058
,2059
ŭ,2060
,2061
,2062
,2063
,2064
,2065
,2066
˼,2067
,2068
,2069
,2070
,2071
,2072
Թ,2073
,2074
,2075
,2076
,2077
,2078
,2079
,2080
,2081
,2082
,2083
a,2084
,2085
,2086
,2087
,2088
ˡ,2089
,2090
,2091
,2092
,2093
,2094
,2095
u,2096
,2097
,2098
,2099
,2100
,2101
,2102
,2103
Ϣ,2104
ǡ,2105
,2106
,2107
,2108
,2109
,2110
,2111
,2112
,2113
,2114
,2115
,2116
,2117
Ϥ,2118
,2119
,2120
,2121
,2122
,2123
,2124
,2125
,2126
,2127
,2128
,2129
,2130
,2131
,2132
,2133
,2134
,2135
,2136
,2137
,2138
,2139
,2140
,2141
,2142
,2143
,2144
,2145
,2146
,2147
,2148
,2149
,2150
,2151
ϧ,2152
,2153
Ω,2154
,2155
,2156
,2157
,2158
,2159
,2160
,2161
,2162
,2163
,2164
,2165
,2166
,2167
,2168
,2169
,2170
,2171
,2172
,2173
,2174
,2175
,2176
,2177
,2178
,2179
,2180
,2181
,2182
,2183
,2184
,2185
,2186
,2187
,2188
,2189
,2190
,2191
,2192
,2193
,2194
,2195
,2196
,2197
Ը,2198
,2199
,2200
,2201
B,2202
,2203
C,2204
,2205
,2206
Ľ,2207
K,2208
M,2209
,2210
Q,2211
,2212
T,2213
U,2214
,2215
,2216
Y,2217
Z,2218
],2219
ο,2220
a,2221
,2222
c,2223
,2224
n,2225
v,2226
,2227
,2228
z,2229
{,2230
|,2231
,2232
,2233
,2234
,2235
,2236
,2237
,2238
,2239
,2240
,2241
,2242
,2243
,2244
,2245
,2246
,2247
и,2248
,2249
,2250
,2251
,2252
,2253
,2254
,2255
,2256
,2257
,2258
ų,2259
,2260
,2261
,2262
,2263
,2264
,2265
,2266
,2267
,2268
ܲ,2269
,2270
,2271
,2272
,2273
,2274
,2275
,2276
,2277
,2278
Ϸ,2279
,2280
,2281
,2282
,2283
,2284
,2285
,2286
ս,2287
,2288
,2289
,2290
,2291
,2292
,2293
,2294
,2295
,2296
,2297
,2298
¾,2299
,2300
,2301
,2302
,2303
,2304
,2305
,2306
,2307
,2308
,2309
,2310
,2311
,2312
,2313
,2314
,2315
,2316
,2317
,2318
,2319
,2320
,2321
,2322
,2323
,2324
,2325
Ǥ,2326
ִ,2327
,2328
,2329
ɨ,2330
,2331
Ť,2332
,2333
,2334
,2335
,2336
,2337
,2338
,2339
,2340
,2341
,2342
,2343
,2344
,2345
,2346
,2347
ץ,2348
Ͷ,2349
,2350
,2351
,2352
,2353
,2354
,2355
,2356
,2357
,2358
,2359
,2360
,2361
,2362
̧,2363
,2364
,2365
Ĩ,2366
,2367
Ѻ,2368
,2369
,2370
,2371
,2372
,2373
,2374
Ĵ,2375
,2376
,2377
,2378
,2379
,2380
,2381
,2382
,2383
,2384
,2385
,2386
,2387
,2388
,2389
׾,2390
,2391
,2392
,2393
,2394
£,2395
,2396
ӵ,2397
,2398
š,2399
,2400
,2401
,2402
,2403
,2404
,2405
,2406
ȭ,2407
˩,2408
,2409
,2410
ƴ,2411
ק,2412
ʰ,2413
,2414
,2415
,2416
ָ,2417
,2418
,2419
,2420
,2421
,2422
ֿ,2423
,2424
,2425
̢,2426
Ю,2427
,2428
,2429
,2430
,2431
,2432
,2433
,2434
Ų,2435
,2436
,2437
,2438
,2439
ͦ,2440
,2441
,2442
,2443
,2444
ͱ,2445
,2446
׽,2447
,2448
,2449
,2450
,2451
,2452
,2453
,2454
,2455
,2456
,2457
,2458
,2459
,2460
,2461
,2462
,2463
,2464
,2465
,2466
,2467
,2468
,2469
,2470
,2471
,2472
,2473
,2474
,2475
,2476
,2477
,2478
,2479
,2480
,2481
,2482
,2483
Ҵ,2484
,2485
,2486
,2487
,2488
,2489
̽,2490
,2491
,2492
,2493
,2494
,2495
,2496
,2497
,2498
,2499
,2500
°,2501
,2502
,2503
,2504
,2505
,2506
,2507
,2508
,2509
,2510
,2511
,2512
,2513
,2514
,2515
,2516
Ҿ,2517
P,2518
Q,2519
,2520
,2521
,2522
,2523
,2524
,2525
,2526
],2527
Ԯ,2528
,2529
,2530
,2531
,2532
,2533
,2534
§,2535
,2536
,2537
,2538
p,2539
,2540
,2541
,2542
ɦ,2543
u,2544
v,2545
,2546
,2547
,2548
,2549
,2550
,2551
,2552
,2553
,2554
,2555
Я,2556
,2557
,2558
,2559
,2560
,2561
,2562
ҡ,2563
,2564
̯,2565
,2566
,2567
ˤ,2568
ժ,2569
,2570
,2571
,2572
,2573
Ħ,2574
,2575
,2576
,2577
,2578
,2579
ġ,2580
ߡ,2581
,2582
,2583
,2584
Ʋ,2585
,2586
,2587
,2588
,2589
,2590
˺,2591
,2592
ߤ,2593
ײ,2594
,2595
,2596
,2597
,2598
,2599
,2600
,2601
,2602
,2603
׫,2604
,2605
,2606
,2607
ߢ,2608
ߣ,2609
ߥ,2610
,2611
,2612
,2613
,2614
ߦ,2615
,2616
,2617
,2618
,2619
,2620
,2621
,2622
,2623
,2624
ߧ,2625
,2626
,2627
ߨ,2628
,2629
,2630
,2631
D,2632
ߪ,2633
ߩ,2634
,2635
M,2636
P,2637
Q,2638
R,2639
S,2640
U,2641
X,2642
[,2643
\,2644
],2645
_,2646
,2647
d,2648
f,2649
߫,2650
n,2651
,2652
r,2653
t,2654
,2655
v,2656
x,2657
y,2658
z,2659
,2660
,2661
,2662
߬,2663
,2664
,2665
,2666
߭,2667
֧,2668
,2669
,2670
,2671
,2672
,2673
,2674
,2675
,2676
,2677
Ч,2678
,2679
,2680
,2681
,2682
,2683
,2684
,2685
,2686
,2687
,2688
,2689
,2690
,2691
ɢ,2692
,2693
,2694
,2695
,2696
,2697
,2698
,2699
,2700
,2701
,2702
,2703
,2704
ի,2705
,2706
,2707
,2708
,2709
,2710
,2711
,2712
,2713
б,2714
,2715
,2716
,2717
,2718
,2719
ն,2720
,2721
,2722
,2723
˹,2724
,2725
,2726
,2727
,2728
ʩ,2729
,2730
,2731
,2732
,2733
,2734
,2735
,2736
,2737
,2738
,2739
,2740
,2741
,2742
,2743
,2744
,2745
,2746
ּ,2747
,2748
Ѯ,2749
,2750
,2751
,2752
,2753
,2754
ʱ,2755
,2756
,2757
,2758
,2759
,2760
,2761
,2762
,2763
,2764
,2765
,2766
,2767
,2768
,2769
,2770
,2771
ӳ,2772
,2773
,2774
,2775
,2776
,2777
,2778
,2779
,2780
,2781
,2782
,2783
,2784
r,2785
,2786
x,2787
,2788
,2789
,2790
ɹ,2791
,2792
,2793
,2794
,2795
,2796
,2797
,2798
,2799
,2800
,2801
,2802
,2803
,2804
,2805
,2806
,2807
,2808
,2809
,2810
,2811
,2812
,2813
Ͼ,2814
,2815
,2816
,2817
,2818
ů,2819
,2820
,2821
,2822
,2823
,2824
,2825
ĺ,2826
,2827
,2828
,2829
,2830
,2831
,2832
,2833
,2834
,2835
,2836
,2837
,2838
,2839
,2840
,2841
,2842
,2843
Ի,2844
,2845
ҷ,2846
,2847
,2848
,2849
,2850
,2851
,2852
,2853
,2854
,2855
,2856
,2857
,2858
,2859
,2860
,2861
˷,2862
,2863
,2864
,2865
,2866
,2867
,2868
V,2869
ľ,2870
δ,2871
ĩ,2872
,2873
,2874
,2875
,2876
,2877
,2878
,2879
,2880
ɱ,2881
,2882
Ȩ,2883
,2884
,2885
ɼ,2886
,2887
,2888
,2889
,2890
,2891
,2892
,2893
,2894
,2895
,2896
,2897
,2898
,2899
,2900
,2901
,2902
,2903
,2904
,2905
|,2906
,2907
,2908
},2909
,2910
,2911
,2912
,2913
,2914
,2915
,2916
,2917
,2918
,2919
,2920
,2921
,2922
,2923
ö,2924
,2925
֦,2926
,2927
,2928
,2929
,2930
,2931
,2932
ǹ,2933
,2934
,2935
,2936
,2937
,2938
,2939
,2940
,2941
,2942
,2943
,2944
,2945
,2946
ĳ,2947
,2948
,2949
Ⱦ,2950
,2951
,2952
,2953
,2954
,2955
,2956
,2957
,2958
,2959
,2960
,2961
,2962
,2963
,2964
,2965
,2966
,2967
,2968
,2969
,2970
,2971
դ,2972
,2973
ջ,2974
,2975
,2976
,2977
,2978
,2979
,2980
,2981
˨,2982
,2983
,2984
,2985
У,2986
,2987
,2988
,2989
,2990
,2991
,2992
,2993
,2994
,2995
,2996
,2997
,2998
,2999
,3000
,3001
Φ,3002
,3003
,3004
,3005
,3006
,3007
ͩ,3008
ɣ,3009
,3010
,3011
,3012
,3013
,3014
,3015
,3016
,3017
,3018
,3019
,3020
,3021
׮,3022
,3023
,3024
Ͱ,3025
,3026
U,3027
,3028
,3029
÷,3030
,3031
,3032
,3033
d,3034
,3035
g,3036
l,3037
n,3038
,3039
,3040
,3041
,3042
,3043
,3044
е,3045
,3046
,3047
,3048
,3049
,3050
,3051
,3052
,3053
,3054
,3055
,3056
,3057
,3058
,3059
,3060
,3061
,3062
,3063
ɭ,3064
,3065
,3066
,3067
,3068
,3069
,3070
,3071
,3072
,3073
,3074
ֲ,3075
׵,3076
,3077
,3078
,3079
,3080
,3081
,3082
,3083
Ҭ,3084
,3085
,3086
,3087
,3088
,3089
,3090
,3091
Ш,3092
,3093
,3094
,3095
,3096
,3097
,3098
E,3099
,3100
I,3101
,3102
,3103
O,3104
,3105
,3106
,3107
¥,3108
,3109
,3110
,3111
,3112
,3113
,3114
,3115
,3116
,3117
,3118
,3119
,3120
,3121
,3122
ե,3123
q,3124
,3125
,3126
s,3127
,3128
,3129
ȶ,3130
,3131
,3132
,3133
,3134
,3135
,3136
,3137
,3138
,3139
,3140
,3141
,3142
,3143
,3144
,3145
,3146
,3147
,3148
,3149
,3150
,3151
,3152
,3153
,3154
,3155
,3156
,3157
,3158
,3159
ģ,3160
,3161
,3162
,3163
,3164
ӣ,3165
,3166
,3167
,3168
,3169
,3170
,3171
,3172
,3173
,3174
,3175
,3176
,3177
,3178
,3179
C,3180
,3181
E,3182
,3183
M,3184
,3185
,3186
,3187
̴,3188
_,3189
ϭ,3190
f,3191
,3192
,3193
,3194
n,3195
,3196
u,3197
,3198
z,3199
{,3200
,3201
,3202
,3203
,3204
,3205
,3206
,3207
,3208
,3209
,3210
,3211
,3212
,3213
,3214
,3215
,3216
,3217
,3218
,3219
,3220
,3221
,3222
,3223
,3224
,3225
,3226
,3227
,3228
,3229
,3230
Ƿ,3231
,3232
,3233
,3234
,3235
ŷ,3236
,3237
,3238
,3239
,3240
J,3241
,3242
,3243
,3244
Ъ,3245
Ǹ,3246
,3247
W,3248
,3249
e,3250
g,3251
ֹ,3252
,3253
,3254
,3255
,3256
,3257
,3258
q,3259
v,3260
w,3261
,3262
,3263
,3264
{,3265
,3266
,3267
,3268
,3269
,3270
,3271
ѳ,3272
,3273
,3274
,3275
,3276
,3277
ֳ,3278
,3279
,3280
,3281
,3282
,3283
,3284
,3285
,3286
,3287
,3288
,3289
,3290
Ź,3291
,3292
,3293
,3294
,3295
,3296
,3297
,3298
,3299
,3300
,3301
,3302
,3303
ĸ,3304
ÿ,3305
,3306
ع,3307
,3308
,3309
,3310
,3311
,3312
ë,3313
ձ,3314
,3315
,3316
̺,3317
,3318
,3319
,3320
,3321
,3322
,3323
,3324
,3325
,3326
,3327
,3328
,3329
,3330
ص,3331
,3332
å,3333
,3334
,3335
,3336
,3337
,3338
,3339
,3340
,3341
,3342
,3343
,3344
,3345
,3346
,3347
,3348
,3349
,3350
,3351
,3352
,3353
,3354
,3355
,3356
,3357
ˮ,3358
,3359
,3360
,3361
͡,3362
֭,3363
,3364
,3365
,3366
,3367
,3368
ϫ,3369
,3370
,3371
,3372
Ѵ,3373
,3374
,3375
,3376
,3377
,3378
,3379
,3380
,3381
,3382
,3383
̭,3384
,3385
,3386
,3387
,3388
Q,3389
,3390
,3391
,3392
,3393
,3394
,3395
,3396
,3397
,3398
,3399
,3400
,3401
],3402
,3403
,3404
_,3405
ɳ,3406
,3407
,3408
û,3409
,3410
Ž,3411
,3412
,3413
,3414
,3415
,3416
ĭ,3417
,3418
,3419
,3420
,3421
,3422
,3423
,3424
,3425
,3426
,3427
մ,3428
,3429
r,3430
й,3431
,3432
Ȫ,3433
,3434
,3435
,3436
,3437
,3438
,3439
,3440
,3441
,3442
Ţ,3443
,3444
,3445
,3446
,3447
,3448
ע,3449
,3450
,3451
,3452
,3453
̩,3454
,3455
Ӿ,3456
,3457
,3458
,3459
,3460
,3461
к,3462
,3463
,3464
,3465
,3466
,3467
,3468
,3469
,3470
,3471
,3472
ϴ,3473
,3474
,3475
,3476
,3477
,3478
,3479
,3480
,3481
,3482
,3483
,3484
,3485
,3486
,3487
,3488
,3489
,3490
Ǣ,3491
,3492
,3493
,3494
ǳ,3495
,3496
,3497
,3498
,3499
,3500
,3501
,3502
,3503
,3504
,3505
Ũ,3506
,3507
,3508
,3509
,3510
,3511
,3512
,3513
,3514
,3515
,3516
,3517
,3518
ԡ,3519
,3520
,3521
,3522
,3523
Ϳ,3524
,3525
,3526
,3527
,3528
ӿ,3529
,3530
,3531
,3532
,3533
,3534
,3535
,3536
,3537
,3538
,3539
,3540
,3541
,3542
,3543
,3544
,3545
ɬ,3546
,3547
,3548
,3549
,3550
Һ,3551
,3552
,3553
,3554
,3555
,3556
,3557
,3558
,3559
,3560
,3561
,3562
,3563
,3564
,3565
,3566
I,3567
,3568
,3569
,3570
,3571
O,3572
,3573
S,3574
,3575
,3576
,3577
,3578
,3579
Y,3580
Z,3581
,3582
\,3583
,3584
,3585
,3586
Ԩ,3587
,3588
,3589
,3590
,3591
,3592
,3593
,3594
,3595
o,3596
,3597
p,3598
,3599
,3600
,3601
,3602
,3603
,3604
u,3605
,3606
,3607
y,3608
μ,3609
,3610
,3611
,3612
,3613
,3614
,3615
,3616
,3617
,3618
,3619
,3620
,3621
,3622
,3623
տ,3624
,3625
,3626
,3627
,3628
,3629
,3630
ʪ,3631
,3632
,3633
,3634
,3635
,3636
,3637
Դ,3638
,3639
,3640
,3641
,3642
,3643
,3644
,3645
Ϫ,3646
,3647
,3648
,3649
,3650
,3651
,3652
,3653
,3654
,3655
,3656
,3657
,3658
,3659
,3660
,3661
,3662
,3663
,3664
,3665
,3666
,3667
,3668
,3669
,3670
,3671
,3672
,3673
,3674
,3675
,3676
,3677
,3678
,3679
,3680
̲,3681
,3682
,3683
B,3684
,3685
F,3686
G,3687
,3688
L,3689
M,3690
O,3691
Ư,3692
,3693
,3694
©,3695
,3696
,3697
,3698
a,3699
Į,3700
h,3701
i,3702
,3703
,3704
,3705
,3706
n,3707
,3708
,3709
,3710
q,3711
,3712
s,3713
,3714
u,3715
,3716
{,3717
},3718
,3719
,3720
,3721
Ϋ,3722
,3723
,3724
,3725
,3726
,3727
Ǳ,3728
º,3729
,3730
,3731
,3732
̶,3733
,3734
,3735
,3736
,3737
,3738
,3739
,3740
,3741
,3742
,3743
,3744
,3745
,3746
,3747
,3748
,3749
,3750
,3751
,3752
,3753
,3754
,3755
,3756
,3757
,3758
,3759
,3760
,3761
,3762
,3763
,3764
,3765
,3766
,3767
,3768
,3769
,3770
,3771
,3772
,3773
,3774
,3775
,3776
,3777
,3778
E,3779
,3780
,3781
H,3782
I,3783
R,3784
T,3785
V,3786
],3787
^,3788
a,3789
g,3790
,3791
l,3792
o,3793
,3794
,3795
r,3796
t,3797
u,3798
,3799
z,3800
{,3801
|,3802
,3803
,3804
,3805
,3806
,3807
,3808
,3809
,3810
,3811
,3812
,3813
,3814
,3815
,3816
,3817
,3818
,3819
,3820
,3821
,3822
,3823
,3824
,3825
,3826
,3827
,3828
,3829
,3830
,3831
,3832
,3833
¯,3834
,3835
,3836
,3837
Ȳ,3838
,3839
,3840
,3841
,3842
,3843
,3844
,3845
̿,3846
,3847
,3848
,3849
,3850
,3851
ը,3852
,3853
,3854
,3855
,3856
,3857
,3858
˸,3859
,3860
,3861
,3862
,3863
,3864
,3865
,3866
,3867
,3868
,3869
,3870
,3871
,3872
,3873
,3874
,3875
,3876
ϩ,3877
N,3878
,3879
,3880
,3881
,3882
,3883
,3884
,3885
,3886
,3887
,3888
,3889
,3890
o,3891
,3892
,3893
,3894
,3895
Ȼ,3896
,3897
,3898
,3899
,3900
,3901
,3902
,3903
,3904
ɷ,3905
,3906
ú,3907
,3908
,3909
,3910
,3911
,3912
,3913
,3914
,3915
,3916
,3917
,3918
ɿ,3919
Ϩ,3920
,3921
Ѭ,3922
,3923
,3924
,3925
,3926
,3927
,3928
,3929
,3930
,3931
,3932
,3933
,3934
,3935
,3936
,3937
ȼ,3938
,3939
,3940
,3941
,3942
,3943
,3944
C,3945
F,3946
I,3947
,3948
,3949
N,3950
,3951
T,3952
,3953
Z,3954
,3955
a,3956
c,3957
,3958
q,3959
t,3960
,3961
,3962
,3963
צ,3964
,3965
,3966
,3967
,3968
,3969
,3970
,3971
ү,3972
,3973
,3974
,3975
س,3976
ˬ,3977
,3978
,3979
Ƭ,3980
,3981
,3982
,3983
,3984
,3985
,3986
,3987
ţ,3988
,3989
Ĳ,3990
ĵ,3991
,3992
,3993
,3994
,3995
,3996
,3997
ǣ,3998
,3999
,4000
,4001
,4002
,4003
Ϭ,4004
,4005
,4006
,4007
,4008
,4009
,4010
,4011
,4012
,4013
,4014
Ȯ,4015
,4016
,4017
״,4018
,4019
,4020
,4021
,4022
,4023
,4024
,4025
,4026
,4027
,4028
,4029
,4030
,4031
,4032
,4033
,4034
,4035
,4036
,4037
,4038
,4039
,4040
ʨ,4041
,4042
,4043
,4044
,4045
,4046
,4047
,4048
,4049
M,4050
,4051
,4052
,4053
N,4054
,4055
,4056
,4057
,4058
,4059
,4060
,4061
b,4062
,4063
,4064
,4065
,4066
,4067
,4068
,4069
,4070
è,4071
,4072
,4073
,4074
,4075
q,4076
,4077
,4078
,4079
s,4080
,4081
Գ,4082
w,4083
y,4084
z,4085
{,4086
,4087
,4088
,4089
,4090
,4091
,4092
,4093
,4094
,4095
,4096
̡,4097
,4098
,4099
@,4100
C,4101
E,4102
F,4103
H,4104
I,4105
J,4106
,4107
M,4108
,4109
,4110
,4111
,4112
,4113
,4114
,4115
,4116
,4117
,4118
,4119
õ,4120
,4121
,4122
,4123
,4124
,4125
,4126
,4127
,4128
,4129
,4130
,4131
,4132
ɺ,4133
,4134
,4135
,4136
,4137
,4138
,4139
,4140
,4141
,4142
,4143
,4144
,4145
F,4146
,4147
,4148
,4149
,4150
,4151
,4152
,4153
,4154
,4155
,4156
,4157
,4158
,4159
,4160
,4161
,4162
,4163
,4164
,4165
,4166
,4167
m,4168
,4169
q,4170
,4171
|,4172
,4173
,4174
,4175
,4176
,4177
,4178
,4179
ɪ,4180
,4181
,4182
,4183
,4184
,4185
,4186
,4187
,4188
,4189
,4190
,4191
,4192
,4193
I,4194
,4195
,4196
,4197
,4198
,4199
^,4200
a,4201
,4202
,4203
,4204
h,4205
t,4206
,4207
,4208
,4209
,4210
,4211
,4212
,4213
,4214
ư,4215
,4216
ȿ,4217
,4218
,4219
,4220
,4221
ƿ,4222
,4223
,4224
,4225
T,4226
,4227
,4228
,4229
,4230
,4231
߰,4232
,4233
,4234
,4235
a,4236
b,4237
,4238
,4239
˦,4240
,4241
,4242
,4243
,4244
,4245
,4246
,4247
,4248
,4249
,4250
,4251
,4252
,4253
,4254
,4255
,4256
,4257
,4258
,4259
η,4260
,4261
,4262
,4263
,4264
,4265
,4266
,4267
,4268
,4269
,4270
,4271
,4272
,4273
,4274
,4275
,4276
,4277
,4278
,4279
,4280
,4281
,4282
,4283
,4284
,4285
,4286
,4287
,4288
,4289
ű,4290
,4291
,4292
,4293
,4294
,4295
,4296
,4297
,4298
,4299
,4300
,4301
ƣ,4302
,4303
,4304
,4305
,4306
,4307
,4308
,4309
,4310
,4311
,4312
,4313
,4314
֢,4315
Ӹ,4316
,4317
Ȭ,4318
,4319
,4320
,4321
,4322
,4323
,4324
d,4325
ʹ,4326
Ʀ,4327
,4328
,4329
,4330
,4331
,4332
,4333
,4334
,4335
̵,4336
,4337
,4338
,4339
,4340
z,4341
,4342
,4343
,4344
{,4345
,4346
,4347
,4348
,4349
,4350
,4351
,4352
,4353
,4354
,4355
,4356
,4357
,4358
,4359
,4360
,4361
,4362
,4363
,4364
,4365
,4366
,4367
,4368
̱,4369
,4370
,4371
,4372
,4373
,4374
ȳ,4375
,4376
,4377
,4378
,4379
,4380
,4381
,4382
A,4383
B,4384
D,4385
,4386
,4387
O,4388
,4389
,4390
T,4391
V,4392
W,4393
Ѣ,4394
X,4395
Y,4396
[,4397
],4398
,4399
_,4400
`,4401
,4402
b,4403
c,4404
d,4405
,4406
,4407
l,4408
,4409
,4410
,4411
,4412
,4413
,4414
,4415
,4416
,4417
,4418
,4419
,4420
,4421
},4422
,4423
Ƥ,4424
,4425
,4426
,4427
,4428
,4429
,4430
,4431
,4432
,4433
,4434
ӯ,4435
,4436
,4437
,4438
յ,4439
,4440
,4441
,4442
,4443
,4444
,4445
,4446
ʢ,4447
I,4448
K,4449
,4450
M,4451
O,4452
P,4453
,4454
R,4455
U,4456
Ŀ,4457
,4458
,4459
ä,4460
ֱ,4461
,4462
,4463
,4464
,4465
ʡ,4466
,4467
,4468
,4469
ü,4470
,4471
,4472
,4473
,4474
,4475
,4476
,4477
{,4478
,4479
գ,4480
ѣ,4481
,4482
,4483
,4484
,4485
,4486
,4487
,4488
,4489
,4490
,4491
,4492
,4493
,4494
,4495
,4496
,4497
,4498
,4499
,4500
A,4501
˯,4502
,4503
,4504
,4505
,4506
,4507
,4508
,4509
,4510
,4511
غ,4512
,4513
,4514
,4515
,4516
,4517
Ϲ,4518
,4519
,4520
g,4521
m,4522
,4523
,4524
ޫ,4525
Ƴ,4526
,4527
,4528
,4529
˲,4530
,4531
ͫ,4532
,4533
հ,4534
,4535
,4536
,4537
,4538
,4539
,4540
ì,4541
,4542
ʸ,4543
,4544
֪,4545
,4546
,4547
,4548
,4549
,4550
,4551
C,4552
ʯ,4553
,4554
,4555
,4556
,4557
,4558
,4559
ɰ,4560
,4561
,4562
,4563
,4564
,4565
,4566
ש,4567
,4568
,4569
,4570
,4571
,4572
,4573
,4574
,4575
,4576
,4577
,4578
,4579
,4580
,4581
,4582
,4583
,4584
,4585
,4586
,4587
,4588
,4589
,4590
,4591
,4592
,4593
,4594
,4595
˶,4596
,4597
,4598
,4599
,4600
,4601
,4602
,4603
Ӳ,4604
,4605
ȷ,4606
,4607
,4608
,4609
µ,4610
,4611
,4612
,4613
,4614
,4615
,4616
,4617
,4618
,4619
,4620
,4621
,4622
,4623
,4624
T,4625
X,4626
,4627
,4628
,4629
̼,4630
,4631
^,4632
_,4633
a,4634
,4635
,4636
,4637
,4638
,4639
,4640
,4641
,4642
u,4643
~,4644
,4645
ĥ,4646
,4647
,4648
,4649
,4650
,4651
,4652
,4653
,4654
,4655
A,4656
,4657
K,4658
,4659
,4660
V,4661
Z,4662
[,4663
\,4664
a,4665
,4666
ʾ,4667
,4668
,4669
,4670
,4671
,4672
,4673
,4674
,4675
,4676
,4677
,4678
,4679
,4680
,4681
ף,4682
,4683
,4684
,4685
,4686
,4687
,4688
Ʊ,4689
,4690
,4691
,4692
,4693
,4694
,4695
,4696
,4697
»,4698
,4699
,4700
,4701
,4702
,4703
,4704
R,4705
,4706
U,4707
Y,4708
[,4709
\,4710
,4711
,4712
خ,4713
,4714
,4715
,4716
d,4717
,4718
˽,4719
ͺ,4720
,4721
i,4722
,4723
,4724
,4725
,4726
,4727
,4728
,4729
,4730
,4731
,4732
,4733
,4734
,4735
,4736
,4737
,4738
,4739
,4740
,4741
,4742
ϡ,4743
,4744
,4745
,4746
,4747
,4748
,4749
˰,4750
,4751
,4752
,4753
,4754
A,4755
,4756
,4757
N,4758
Q,4759
,4760
,4761
,4762
,4763
,4764
,4765
Y,4766
,4767
d,4768
e,4769
f,4770
,4771
,4772
w,4773
x,4774
,4775
,4776
,4777
,4778
Ѩ,4779
,4780
,4781
,4782
,4783
,4784
,4785
,4786
ͻ,4787
,4788
խ,4789
,4790
,4791
,4792
Ҥ,4793
,4794
,4795
,4796
,4797
,4798
,4799
,4800
,4801
,4802
,4803
,4804
,4805
C,4806
D,4807
,4808
,4809
F,4810
G,4811
,4812
M,4813
Q,4814
,4815
Z,4816
[,4817
],4818
^,4819
`,4820
,4821
,4822
վ,4823
,4824
,4825
,4826
,4827
ͯ,4828
,4829
w,4830
,4831
,4832
,4833
,4834
,4835
,4836
,4837
,4838
,4839
,4840
,4841
,4842
,4843
,4844
Ц,4845
,4846
,4847
,4848
,4849
,4850
,4851
,4852
,4853
,4854
,4855
,4856
,4857
,4858
,4859
,4860
,4861
,4862
,4863
,4864
,4865
,4866
P,4867
,4868
,4869
,4870
,4871
S,4872
,4873
,4874
,4875
Ͳ,4876
,4877
,4878
,4879
,4880
ɸ,4881
,4882
,4883
,4884
a,4885
,4886
,4887
,4888
,4889
,4890
,4891
,4892
ǩ,4893
,4894
,4895
{,4896
,4897
~,4898
,4899
,4900
,4901
,4902
,4903
,4904
,4905
,4906
,4907
,4908
,4909
,4910
,4911
,4912
,4913
,4914
,4915
,4916
,4917
,4918
,4919
׭,4920
ƪ,4921
B,4922
D,4923
,4924
,4925
¨,4926
,4927
,4928
,4929
V,4930
,4931
,4932
Y,4933
,4934
,4935
,4936
`,4937
,4938
,4939
,4940
j,4941
,4942
,4943
,4944
t,4945
,4946
,4947
,4948
,4949
,4950
,4951
,4952
,4953
,4954
,4955
,4956
,4957
,4958
,4959
,4960
,4961
@,4962
I,4963
,4964
X,4965
[,4966
\,4967
e,4968
f,4969
h,4970
j,4971
,4972
,4973
,4974
,4975
,4976
,4977
,4978
,4979
,4980
,4981
ճ,4982
,4983
,4984
,4985
,4986
,4987
,4988
,4989
,4990
,4991
,4992
,4993
,4994
,4995
,4996
,4997
,4998
,4999
,5000
,5001
,5002
,5003
,5004
,5005
,5006
,5007
,5008
,5009
,5010
R,5011
S,5012
,5013
,5014
Z,5015
,5016
Ŵ,5017
c,5018
e,5019
g,5020
i,5021
ϵ,5022
m,5023
o,5024
q,5025
s,5026
t,5027
u,5028
v,5029
w,5030
x,5031
,5032
y,5033
{,5034
~,5035
,5036
,5037
,5038
,5039
,5040
,5041
,5042
,5043
,5044
,5045
,5046
,5047
,5048
,5049
,5050
,5051
,5052
,5053
B,5054
C,5055
E,5056
H,5057
I,5058
K,5059
M,5060
O,5061
Y,5062
^,5063
d,5064
f,5065
g,5066
j,5067
k,5068
o,5069
q,5070
,5071
y,5072
z,5073
{,5074
~,5075
,5076
,5077
,5078
,5079
,5080
,5081
,5082
,5083
,5084
C,5085
E,5086
G,5087
I,5088
J,5089
,5090
Q,5091
R,5092
S,5093
,5094
U,5095
V,5096
W,5097
X,5098
Y,5099
],5100
^,5101
_,5102
`,5103
b,5104
c,5105
d,5106
i,5107
l,5108
o,5109
p,5110
v,5111
w,5112
y,5113
|,5114
},5115
~,5116
,5117
,5118
,5119
,5120
,5121
,5122
,5123
,5124
,5125
,5126
,5127
,5128
,5129
,5130
,5131
,5132
@,5133
M,5134
N,5135
O,5136
P,5137
U,5138
V,5139
`,5140
b,5141
c,5142
d,5143
h,5144
l,5145
p,5146
r,5147
s,5148
v,5149
w,5150
z,5151
{,5152
|,5153
~,5154
,5155
,5156
,5157
,5158
,5159
,5160
,5161
,5162
,5163
,5164
,5165
,5166
@,5167
C,5168
D,5169
K,5170
L,5171
M,5172
O,5173
P,5174
Q,5175
R,5176
U,5177
[,5178
^,5179
_,5180
`,5181
,5182
i,5183
k,5184
m,5185
n,5186
p,5187
t,5188
w,5189
y,5190
,5191
|,5192
,5193
,5194
,5195
,5196
,5197
,5198
,5199
Լ,5200
,5201
,5202
,5203
,5204
,5205
,5206
,5207
,5208
,5209
ֽ,5210
,5211
,5212
Ŧ,5213
,5214
,5215
,5216
,5217
,5218
,5219
,5220
,5221
ϸ,5222
֯,5223
,5224
,5225
,5226
,5227
,5228
,5229
,5230
,5231
,5232
,5233
,5234
,5235
,5236
,5237
,5238
,5239
Ѥ,5240
,5241
,5242
,5243
,5244
ͳ,5245
,5246
,5247
,5248
,5249
,5250
,5251
,5252
,5253
,5254
,5255
,5256
,5257
,5258
,5259
,5260
,5261
,5262
,5263
ά,5264
,5265
,5266
,5267
,5268
,5269
,5270
,5271
,5272
,5273
,5274
׺,5275
,5276
,5277
,5278
,5279
,5280
,5281
,5282
,5283
,5284
,5285
,5286
,5287
,5288
,5289
,5290
,5291
,5292
,5293
,5294
,5295
,5296
Ե,5297
,5298
,5299
,5300
,5301
,5302
,5303
,5304
,5305
,5306
,5307
,5308
,5309
,5310
,5311
ӧ,5312
,5313
,5314
,5315
,5316
,5317
,5318
,5319
,5320
,5321
,5322
,5323
,5324
,5325
,5326
,5327
ȱ,5328
,5329
,5330
,5331
,5332
,5333
,5334
,5335
,5336
,5337
,5338
,5339
,5340
,5341
,5342
,5343
,5344
,5345
,5346
,5347
,5348
P,5349
,5350
,5351
,5352
R,5353
T,5354
,5355
,5356
,5357
_,5358
`,5359
b,5360
,5361
d,5362
Ǽ,5363
,5364
,5365
,5366
,5367
,5368
,5369
,5370
Ⱥ,5371
u,5372
,5373
x,5374
,5375
,5376
,5377
,5378
,5379
,5380
,5381
,5382
,5383
,5384
,5385
,5386
,5387
,5388
,5389
,5390
,5391
,5392
,5393
,5394
,5395
,5396
,5397
,5398
,5399
,5400
N,5401
,5402
,5403
ҫ,5404
,5405
,5406
,5407
,5408
,5409
,5410
,5411
ˣ,5412
,5413
,5414
,5415
,5416
,5417
,5418
,5419
,5420
,5421
,5422
,5423
,5424
,5425
,5426
,5427
,5428
e,5429
g,5430
,5431
,5432
,5433
Ү,5434
,5435
,5436
,5437
,5438
,5439
,5440
,5441
,5442
,5443
,5444
ְ,5445
,5446
,5447
,5448
},5449
Ƹ,5450
,5451
,5452
,5453
,5454
,5455
,5456
,5457
,5458
,5459
,5460
,5461
,5462
,5463
 ,5464
@,5465
,5466
,5467
,5468
,5469
C,5470
,5471
,5472
,5473
,5474
,5475
,5476
Ф,5477
,5478
,5479
,5480
,5481
,5482
,5483
,5484
,5485
֫,5486
,5487
,5488
,5489
,5490
,5491
,5492
,5493
,5494
,5495
,5496
,5497
,5498
,5499
,5500
,5501
,5502
,5503
,5504
в,5505
,5506
θ,5507
,5508
,5509
,5510
,5511
̥,5512
,5513
,5514
,5515
,5516
,5517
ʤ,5518
,5519
,5520
,5521
ط,5522
,5523
,5524
,5525
,5526
,5527
,5528
,5529
,5530
,5531
,5532
,5533
,5534
,5535
,5536
,5537
,5538
,5539
֬,5540
{,5541
,5542
},5543
,5544
,5545
,5546
,5547
,5548
,5549
,5550
ŧ,5551
,5552
,5553
,5554
,5555
Ä,5556
,5557
Ó,5558
,5559
,5560
,5561
,5562
,5563
,5564
Û,5565
Ƣ,5566
,5567
,5568
,5569
Ҹ,5570
,5571
I,5572
,5573
,5574
,5575
ǻ,5576
,5577
L,5578
,5579
,5580
,5581
T,5582
,5583
X,5584
,5585
,5586
[,5587
,5588
,5589
,5590
,5591
_,5592
,5593
c,5594
,5595
,5596
,5597
,5598
,5599
,5600
,5601
,5602
,5603
e,5604
,5605
,5606
,5607
,5608
,5609
w,5610
,5611
Ĥ,5612
ϥ,5613
z,5614
,5615
,5616
,5617
ā,5618
,5619
,5620
,5621
,5622
đ,5623
Ē,5624
ē,5625
,5626
,5627
,5628
,5629
Ę,5630
,5631
,5632
Ě,5633
Ĝ,5634
D,5635
F,5636
K,5637
L,5638
,5639
,5640
R,5641
,5642
,5643
,5644
,5645
,5646
_,5647
,5648
,5649
,5650
Ҩ,5651
,5652
,5653
,5654
,5655
,5656
c,5657
d,5658
e,5659
f,5660
,5661
,5662
,5663
,5664
,5665
,5666
˴,5667
,5668
,5669
,5670
,5671
,5672
,5673
,5674
,5675
,5676
,5677
,5678
,5679
,5680
,5681
,5682
,5683
,5684
,5685
,5686
,5687
,5688
,5689
,5690
ͧ,5691
,5692
,5693
,5694
,5695
œ,5696
,5697
,5698
Ŝ,5699
Ş,5700
,5701
A,5702
,5703
,5704
,5705
D,5706
ɫ,5707
,5708
,5709
G,5710
,5711
ܴ,5712
,5713
ܵ,5714
,5715
ܹ,5716
,5717
ܷ,5718
,5719
,5720
ܺ,5721
ܶ,5722
ܻ,5723
â,5724
ܼ,5725
,5726
ܽ,5727
,5728
֥,5729
,5730
,5731
,5732
,5733
«,5734
ܸ,5735
,5736
,5737
ܾ,5738
,5739
,5740
,5741
о,5742
,5743
,5744
,5745
,5746
,5747
ܿ,5748
,5749
c,5750
ѿ,5751
,5752
,5753
,5754
έ,5755
,5756
,5757
,5758
,5759
,5760
,5761
,5762
Է,5763
,5764
,5765
̦,5766
,5767
,5768
,5769
,5770
,5771
,5772
,5773
,5774
,5775
,5776
,5777
,5778
,5779
ɻ,5780
,5781
Ӣ,5782
,5783
ƻ,5784
,5785
,5786
ï,5787
,5788
,5789
é,5790
,5791
,5792
,5793
,5794
,5795
,5796
,5797
,5798
,5799
,5800
,5801
,5802
ݢ,5803
,5804
,5805
,5806
ã,5807
,5808
,5809
,5810
,5811
Ɲ,5812
,5813
,5814
,5815
,5816
,5817
,5818
,5819
,5820
,5821
,5822
,5823
,5824
,5825
G,5826
,5827
,5828
,5829
,5830
,5831
,5832
,5833
,5834
,5835
,5836
,5837
,5838
,5839
,5840
,5841
,5842
ӫ,5843
ݡ,5844
ݣ,5845
ݥ,5846
,5847
ݤ,5848
ݧ,5849
ҩ,5850
,5851
ݩ,5852
ݶ,5853
ݱ,5854
ݴ,5855
ݰ,5856
,5857
,5858
f,5859
ɯ,5860
,5861
ݮ,5862
o,5863
ݷ,5864
,5865
ݯ,5866
ݸ,5867
ݬ,5868
v,5869
{,5870
ݹ,5871
ݳ,5872
ݭ,5873
Ī,5874
ݨ,5875
,5876
,5877
ݪ,5878
ݫ,5879
ݲ,5880
,5881
ݵ,5882
Ө,5883
ݺ,5884
ݻ,5885
ç,5886
,5887
ݼ,5888
,5889
,5890
,5891
,5892
,5893
,5894
ݿ,5895
,5896
,5897
,5898
,5899
,5900
ݾ,5901
,5902
,5903
A,5904
,5905
,5906
,5907
,5908
,5909
,5910
ݽ,5911
,5912
,5913
,5914
O,5915
R,5916
,5917
,5918
Ƽ,5919
ή,5920
,5921
,5922
,5923
,5924
ө,5925
Ӫ,5926
,5927
,5928
,5929
f,5930
,5931
n,5932
,5933
,5934
,5935
,5936
~,5937
,5938
,5939
,5940
,5941
,5942
,5943
,5944
Ȓ,5945
Ȕ,5946
,5947
,5948
,5949
,5950
ș,5951
,5952
,5953
,5954
,5955
ȝ,5956
,5957
,5958
,5959
,5960
,5961
,5962
,5963
,5964
,5965
O,5966
P,5967
,5968
,5969
,5970
W,5971
,5972
,5973
,5974
,5975
,5976
,5977
,5978
n,5979
,5980
,5981
p,5982
,5983
,5984
,5985
,5986
w,5987
,5988
,5989
,5990
,5991
,5992
,5993
,5994
,5995
,5996
,5997
,5998
,5999
ɏ,6000
ɐ,6001
,6002
ɔ,6003
ޤ,6004
ɜ,6005
ޣ,6006
,6007
,6008
,6009
N,6010
,6011
ε,6012
V,6013
,6014
,6015
Y,6016
[,6017
\,6018
,6019
,6020
a,6021
Ǿ,6022
,6023
,6024
,6025
ޢ,6026
,6027
,6028
n,6029
ެ,6030
r,6031
ަ,6032
,6033
,6034
w,6035
{,6036
|,6037
~,6038
ޡ,6039
ʁ,6040
ޥ,6041
ީ,6042
ʉ,6043
ި,6044
ާ,6045
ʎ,6046
ʏ,6047
ʒ,6048
ޭ,6049
,6050
ʚ,6051
޳,6052
ު,6053
ޮ,6054
,6055
,6056
޶,6057
ޱ,6058
C,6059
E,6060
G,6061
޲,6062
K,6063
N,6064
Ѧ,6065
޵,6066
W,6067
ޯ,6068
],6069
ް,6070
_,6071
н,6072
޴,6073
,6074
޹,6075
޸,6076
޷,6077
j,6078
޻,6079
,6080
{,6081
|,6082
,6083
,6084
޺,6085
ź,6086
޼,6087
ˇ,6088
,6089
ˎ,6090
,6091
˒,6092
˜,6093
˞,6094
@,6095
A,6096
,6097
޽,6098
I,6099
޿,6100
J,6101
K,6102
N,6103
O,6104
Ģ,6105
,6106
\,6107
`,6108
d,6109
޾,6110
,6111
m,6112
պ,6113
y,6114
,6115
},6116
,6117
,6118
²,6119
Ű,6120
,6121
,6122
̎,6123
,6124
̓,6125
̔,6126
,6127
̖,6128
,6129
̝,6130
,6131
,6132
,6133
A,6134
ʭ,6135
,6136
,6137
,6138
,6139
,6140
Ϻ,6141
,6142
ʴ,6143
,6144
,6145
,6146
,6147
,6148
,6149
,6150
,6151
,6152
,6153
,6154
,6155
,6156
,6157
,6158
,6159
,6160
,6161
,6162
,6163
,6164
,6165
,6166
,6167
,6168
,6169
,6170
,6171
,6172
,6173
,6174
,6175
,6176
,6177
,6178
,6179
,6180
,6181
,6182
,6183
,6184
,6185
,6186
,6187
,6188
,6189
,6190
,6191
,6192
,6193
Ӽ,6194
͐,6195
͑,6196
,6197
,6198
,6199
,6200
͘,6201
,6202
,6203
,6204
,6205
,6206
,6207
,6208
,6209
,6210
֩,6211
,6212
,6213
,6214
,6215
,6216
,6217
,6218
,6219
,6220
,6221
,6222
,6223
,6224
,6225
,6226
Ӭ,6227
,6228
,6229
,6230
Ы,6231
,6232
g,6233
,6234
,6235
o,6236
,6237
,6238
,6239
,6240
r,6241
,6242
,6243
,6244
,6245
΁,6246
,6247
,6248
,6249
,6250
,6251
,6252
·,6253
,6254
,6255
,6256
,6257
,6258
,6259
Λ,6260
,6261
Ξ,6262
,6263
,6264
,6265
,6266
,6267
,6268
,6269
,6270
N,6271
,6272
,6273
U,6274
,6275
X,6276
,6277
,6278
\,6279
,6280
,6281
,6282
,6283
,6284
l,6285
,6286
,6287
s,6288
,6289
u,6290
x,6291
|,6292
з,6293
ρ,6294
,6295
,6296
ω,6297
ϊ,6298
,6299
ϓ,6300
ϔ,6301
,6302
,6303
,6304
,6305
Ϟ,6306
,6307
,6308
Ϡ,6309
M,6310
,6311
Q,6312
,6313
U,6314
,6315
Ѫ,6316
,6317
,6318
\,6319
,6320
,6321
g,6322
,6323
h,6324
,6325
,6326
k,6327
l,6328
n,6329
,6330
,6331
,6332
,6333
,6334
,6335
,6336
,6337
,6338
,6339
˥,6340
,6341
,6342
},6343
,6344
,6345
,6346
Ԭ,6347
,6348
,6349
,6350
,6351
,6352
,6353
̻,6354
,6355
,6356
Ж,6357
,6358
,6359
,6360
Ϯ,6361
,6362
,6363
,6364
,6365
,6366
װ,6367
,6368
,6369
U,6370
,6371
Y,6372
,6373
,6374
ԣ,6375
,6376
ȹ,6377
a,6378
b,6379
,6380
e,6381
,6382
,6383
,6384
,6385
,6386
,6387
,6388
,6389
,6390
,6391
,6392
u,6393
,6394
,6395
},6396
,6397
,6398
,6399
,6400
,6401
,6402
,6403
,6404
,6405
,6406
,6407
,6408
ѝ,6409
ў,6410
,6411
,6412
@,6413
C,6414
,6415
,6416
M,6417
\,6418
c,6419
,6420
,6421
d,6422
h,6423
,6424
m,6425
r,6426
u,6427
,6428
,6429
Ҫ,6430
,6431
Ҋ,6432
Ҏ,6433
Ғ,6434
ҕ,6435
җ,6436
Ҡ,6437
D,6438
H,6439
J,6440
M,6441
P,6442
U,6443
X,6444
[,6445
],6446
^,6447
,6448
,6449
,6450
,6451
,6452
,6453
,6454
,6455
,6456
,6457
,6458
,6459
,6460
,6461
,6462
,6463
,6464
,6465
,6466
,6467
,6468
,6469
,6470
,6471
,6472
,6473
x,6474
z,6475
|,6476
,6477
ӆ,6478
Ӈ,6479
,6480
Ӌ,6481
Ӎ,6482
ӏ,6483
ӑ,6484
ӓ,6485
Ӗ,6486
Ә,6487
ә,6488
ӛ,6489
Ӟ,6490
Ӡ,6491
A,6492
E,6493
G,6494
L,6495
O,6496
S,6497
V,6498
X,6499
\,6500
],6501
,6502
b,6503
g,6504
,6505
n,6506
p,6507
r,6508
t,6509
u,6510
x,6511
{,6512
~,6513
ԁ,6514
Ԃ,6515
ԃ,6516
Ԅ,6517
ԇ,6518
Ԋ,6519
Ԍ,6520
ԍ,6521
Ԏ,6522
ԏ,6523
ԑ,6524
Ԓ,6525
ԓ,6526
Ԕ,6527
Ԗ,6528
ղ,6529
Ԝ,6530
ԟ,6531
C,6532
D,6533
E,6534
F,6535
,6536
,6537
I,6538
J,6539
N,6540
O,6541
,6542
Q,6543
T,6544
V,6545
Z,6546
\,6547
],6548
_,6549
`,6550
a,6551
b,6552
d,6553
f,6554
h,6555
l,6556
n,6557
r,6558
u,6559
x,6560
{,6561
~,6562
Ձ,6563
Ն,6564
Պ,6565
Վ,6566
Տ,6567
Ք,6568
ՙ,6569
՛,6570
՟,6571
@,6572
B,6573
C,6574
G,6575
I,6576
J,6577
M,6578
O,6579
R,6580
S,6581
T,6582
V,6583
X,6584
Z,6585
\,6586
],6587
^,6588
`,6589
,6590
o,6591
t,6592
u,6593
v,6594
x,6595
,6596
փ,6597
ֆ,6598
և,6599
ֈ,6600
֎,6601
֔,6602
֙,6603
C,6604
H,6605
I,6606
P,6607
R,6608
S,6609
T,6610
V,6611
,6612
Ʃ,6613
g,6614
h,6615
l,6616
o,6617
u,6618
v,6619
x,6620
׃,6621
ׇ,6622
׋,6623
׌,6624
׏,6625
ו,6626
ח,6627
,6628
,6629
,6630
ڦ,6631
,6632
,6633
ڨ,6634
,6635
ѵ,6636
,6637
Ѷ,6638
,6639
,6640
,6641
ک,6642
ڪ,6643
,6644
ګ,6645
,6646
,6647
,6648
,6649
,6650
,6651
,6652
,6653
֤,6654
ڬ,6655
ڭ,6656
,6657
,6658
ʶ,6659
թ,6660
,6661
,6662
ڮ,6663
,6664
,6665
ڰ,6666
گ,6667
,6668
ڱ,6669
ڲ,6670
ڳ,6671
,6672
ڴ,6673
ʫ,6674
ڵ,6675
ڶ,6676
,6677
,6678
ڷ,6679
,6680
,6681
ڸ,6682
ڹ,6683
,6684
ѯ,6685
,6686
ں,6687
,6688
,6689
,6690
ڻ,6691
ڼ,6692
,6693
,6694
,6695
ڽ,6696
,6697
ھ,6698
,6699
,6700
ڿ,6701
˵,6702
,6703
,6704
,6705
,6706
,6707
ŵ,6708
,6709
,6710
,6711
,6712
,6713
,6714
˭,6715
,6716
,6717
,6718
,6719
׻,6720
,6721
̸,6722
,6723
ı,6724
,6725
,6726
,6727
,6728
г,6729
,6730
,6731
ν,6732
,6733
,6734
,6735
,6736
,6737
,6738
,6739
,6740
,6741
,6742
,6743
,6744
,6745
л,6746
ҥ,6747
,6748
,6749
ǫ,6750
,6751
,6752
á,6753
,6754
,6755
,6756
̷,6757
,6758
,6759
,6760
,6761
,6762
,6763
Ǵ,6764
,6765
,6766
,6767
,6768
,6769
,6770
M,6771
,6772
,6773
Q,6774
S,6775
,6776
,6777
,6778
,6779
,6780
ԥ,6781
i,6782
,6783
,6784
,6785
,6786
,6787
,6788
,6789
,6790
ò,6791
؈,6792
,6793
,6794
ؐ,6795
ؑ,6796
ؓ,6797
ؔ,6798
ؕ,6799
ؚ,6800
؛,6801
؜,6802
؝,6803
؞,6804
؟,6805
A,6806
B,6807
D,6808
E,6809
F,6810
H,6811
I,6812
J,6813
L,6814
M,6815
N,6816
O,6817
Q,6818
R,6819
S,6820
T,6821
U,6822
V,6823
W,6824
Y,6825
Z,6826
\,6827
c,6828
d,6829
e,6830
g,6831
l,6832
n,6833
p,6834
r,6835
s,6836
t,6837
u,6838
v,6839
x,6840
y,6841
|,6842
},6843
~,6844
ـ,6845
ه,6846
ٍ,6847
َ,6848
ُ,6849
ِ,6850
ّ,6851
ٗ,6852
٘,6853
ٛ,6854
ٝ,6855
ٞ,6856
٠,6857
A,6858
B,6859
E,6860
H,6861
I,6862
M,6863
N,6864
,6865
,6866
,6867
,6868
,6869
,6870
,6871
,6872
,6873
,6874
,6875
,6876
̰,6877
ƶ,6878
,6879
,6880
,6881
,6882
,6883
,6884
,6885
,6886
,6887
,6888
,6889
,6890
ó,6891
,6892
,6893
,6894
,6895
,6896
,6897
,6898
,6899
,6900
¸,6901
,6902
,6903
,6904
,6905
,6906
,6907
,6908
,6909
,6910
,6911
,6912
,6913
,6914
,6915
,6916
,6917
,6918
,6919
׸,6920
,6921
׬,6922
,6923
,6924
,6925
,6926
,6927
,6928
Ӯ,6929
,6930
,6931
,6932
,6933
,6934
,6935
,6936
,6937
,6938
,6939
,6940
,6941
,6942
,6943
,6944
Խ,6945
,6946
,6947
,6948
s,6949
w,6950
,6951
Ȥ,6952
څ,6953
,6954
ڎ,6955
,6956
ſ,6957
,6958
,6959
,6960
,6961
ֺ,6962
,6963
Ծ,6964
,6965
,6966
,6967
,6968
,6969
,6970
,6971
,6972
,6973
,6974
,6975
,6976
,6977
,6978
E,6979
,6980
,6981
,6982
,6983
,6984
,6985
·,6986
,6987
,6988
,6989
,6990
,6991
,6992
,6993
,6994
,6995
,6996
ӻ,6997
,6998
̤,6999
`,7000
,7001
,7002
,7003
,7004
,7005
,7006
,7007
,7008
,7009
,7010
,7011
,7012
x,7013
,7014
,7015
,7016
,7017
,7018
,7019
,7020
,7021
,7022
,7023
,7024
,7025
̣,7026
ۄ,7027
,7028
,7029
ۋ,7030
,7031
ۘ,7032
ۙ,7033
,7034
,7035
,7036
,7037
,7038
,7039
,7040
,7041
,7042
E,7043
,7044
,7045
,7046
,7047
,7048
O,7049
P,7050
Q,7051
S,7052
,7053
,7054
U,7055
V,7056
W,7057
,7058
X,7059
],7060
,7061
,7062
b,7063
f,7064
g,7065
k,7066
,7067
,7068
,7069
,7070
,7071
|,7072
܇,7073
܈,7074
܉,7075
܊,7076
,7077
܎,7078
ܐ,7079
ܗ,7080
ܛ,7081
ܠ,7082
F,7083
M,7084
S,7085
T,7086
U,7087
V,7088
W,7089
Y,7090
^,7091
`,7092
b,7093
d,7094
e,7095
m,7096
n,7097
o,7098
p,7099
v,7100
w,7101
x,7102
y,7103
z,7104
݁,7105
݂,7106
݅,7107
݆,7108
݋,7109
ݏ,7110
ݔ,7111
ݗ,7112
ݚ,7113
ݛ,7114
ݞ,7115
ݠ,7116
@,7117
A,7118
D,7119
H,7120
I,7121
O,7122
Z,7123
\,7124
],7125
_,7126
,7127
,7128
,7129
,7130
,7131
ת,7132
,7133
,7134
,7135
,7136
,7137
,7138
,7139
,7140
,7141
,7142
,7143
,7144
,7145
,7146
,7147
,7148
,7149
,7150
,7151
,7152
,7153
,7154
,7155
,7156
,7157
,7158
,7159
,7160
,7161
,7162
,7163
,7164
,7165
,7166
,7167
,7168
,7169
ԯ,7170
Ͻ,7171
շ,7172
,7173
,7174
,7175
,7176
,7177
,7178
,7179
,7180
k,7181
,7182
,7183
,7184
o,7185
p,7186
q,7187
,7188
,7189
r,7190
,7191
,7192
,7193
,7194
Ǩ,7195
,7196
,7197
Ѹ,7198
,7199
,7200
ӭ,7201
,7202
,7203
,7204
,7205
,7206
,7207
,7208
,7209
Զ,7210
Υ,7211
,7212
,7213
,7214
,7215
,7216
,7217
,7218
,7219
,7220
,7221
,7222
,7223
,7224
,7225
,7226
,7227
,7228
׷,7229
,7230
,7231
,7232
,7233
,7234
,7235
,7236
ѡ,7237
ѷ,7238
,7239
,7240
͸,7241
,7242
,7243
,7244
;,7245
ޟ,7246
,7247
,7248
@,7249
ͨ,7250
,7251
,7252
,7253
,7254
,7255
,7256
,7257
B,7258
,7259
,7260
,7261
,7262
M,7263
,7264
,7265
,7266
,7267
,7268
,7269
,7270
,7271
,7272
,7273
\,7274
,7275
^,7276
,7277
,7278
,7279
,7280
,7281
_,7282
`,7283
,7284
,7285
b,7286
,7287
d,7288
f,7289
h,7290
,7291
ǲ,7292
ң,7293
,7294
m,7295
,7296
,7297
t,7298
,7299
,7300
w,7301
x,7302
z,7303
|,7304
,7305
,7306
,7307
~,7308
,7309
,7310
߀,7311
߃,7312
,7313
߅,7314
,7315
߉,7316
ߊ,7317
,7318
,7319
,7320
,7321
,7322
,7323
,7324
,7325
,7326
,7327
,7328
а,7329
,7330
,7331
,7332
ۢ,7333
,7334
,7335
,7336
,7337
,7338
ۡ,7339
,7340
,7341
,7342
ۥ,7343
,7344
ۧ,7345
ۤ,7346
ۨ,7347
,7348
,7349
ۣ,7350
ۦ,7351
֣,7352
۩,7353
ۭ,7354
ۮ,7355
۬,7356
,7357
P,7358
,7359
۫,7360
۪,7361
,7362
,7363
ۯ,7364
,7365
۰,7366
,7367
],7368
,7369
,7370
۱,7371
,7372
۲,7373
i,7374
l,7375
u,7376
w,7377
y,7378
,7379
۴,7380
۳,7381
۵,7382
,7383
,7384
۷,7385
,7386
۶,7387
,7388
,7389
,7390
۸,7391
,7392
۹,7393
ۺ,7394
B,7395
,7396
,7397
,7398
,7399
,7400
,7401
,7402
,7403
,7404
,7405
,7406
,7407
̪,7408
,7409
,7410
,7411
,7412
,7413
,7414
,7415
,7416
ͪ,7417
,7418
,7419
,7420
,7421
,7422
,7423
ø,7424
,7425
,7426
,7427
,7428
,7429
,7430
,7431
,7432
,7433
,7434
,7435
,7436
,7437
,7438
,7439
d,7440
,7441
ȩ,7442
h,7443
j,7444
,7445
,7446
,7447
t,7448
u,7449
,7450
,7451
,7452
,7453
,7454
,7455
,7456
,7457
,7458
,7459
,7460
,7461
,7462
,7463
,7464
,7465
Ұ,7466
,7467
,7468
,7469
,7470
,7471
,7472
,7473
,7474
,7475
,7476
,7477
,7478
,7479
,7480
A,7481
C,7482
O,7483
Q,7484
S,7485
T,7486
Z,7487
[,7488
^,7489
b,7490
c,7491
g,7492
h,7493
j,7494
k,7495
n,7496
o,7497
x,7498
},7499
,7500
,7501
,7502
,7503
,7504
,7505
,7506
,7507
,7508
,7509
,7510
,7511
,7512
,7513
,7514
,7515
B,7516
C,7517
G,7518
K,7519
O,7520
Q,7521
T,7522
U,7523
X,7524
\,7525
^,7526
`,7527
f,7528
g,7529
,7530
q,7531
s,7532
t,7533
x,7534
y,7535
|,7536
~,7537
,7538
,7539
,7540
,7541
,7542
,7543
,7544
,7545
,7546
,7547
,7548
@,7549
A,7550
B,7551
C,7552
D,7553
,7554
H,7555
J,7556
N,7557
P,7558
R,7559
S,7560
X,7561
Z,7562
\,7563
^,7564
,7565
b,7566
e,7567
h,7568
s,7569
u,7570
y,7571
z,7572
{,7573
|,7574
~,7575
,7576
,7577
,7578
,7579
,7580
,7581
,7582
,7583
,7584
,7585
,7586
,7587
,7588
,7589
F,7590
H,7591
K,7592
N,7593
O,7594
P,7595
Q,7596
U,7597
V,7598
X,7599
\,7600
^,7601
a,7602
d,7603
e,7604
h,7605
i,7606
l,7607
n,7608
,7609
u,7610
v,7611
x,7612
{,7613
|,7614
,7615
,7616
,7617
,7618
,7619
,7620
,7621
,7622
,7623
@,7624
D,7625
I,7626
J,7627
N,7628
V,7629
X,7630
[,7631
^,7632
,7633
i,7634
k,7635
m,7636
u,7637
v,7638
y,7639
z,7640
|,7641
},7642
,7643
,7644
,7645
,7646
,7647
,7648
,7649
,7650
,7651
,7652
,7653
,7654
,7655
C,7656
,7657
H,7658
I,7659
M,7660
N,7661
O,7662
P,7663
R,7664
S,7665
U,7666
Y,7667
f,7668
h,7669
j,7670
n,7671
t,7672
|,7673
,7674
,7675
,7676
,7677
,7678
,7679
,7680
,7681
,7682
,7683
,7684
,7685
,7686
C,7687
D,7688
F,7689
I,7690
K,7691
,7692
O,7693
T,7694
Z,7695
\,7696
b,7697
d,7698
p,7699
s,7700
u,7701
,7702
|,7703
,7704
,7705
,7706
,7707
,7708
,7709
,7710
,7711
,7712
,7713
,7714
,7715
,7716
,7717
,7718
,7719
,7720
,7721
ǥ,7722
,7723
,7724
,7725
,7726
,7727
,7728
,7729
,7730
,7731
,7732
,7733
,7734
,7735
,7736
,7737
,7738
,7739
,7740
,7741
Կ,7742
,7743
,7744
,7745
,7746
,7747
,7748
,7749
,7750
ť,7751
,7752
,7753
Ǯ,7754
,7755
ǯ,7756
,7757
,7758
,7759
,7760
,7761
,7762
,7763
,7764
,7765
,7766
,7767
,7768
,7769
,7770
,7771
,7772
,7773
Ǧ,7774
í,7775
,7776
,7777
,7778
,7779
,7780
,7781
,7782
,7783
,7784
,7785
,7786
,7787
,7788
,7789
,7790
,7791
ͭ,7792
,7793
,7794
,7795
,7796
ա,7797
,7798
ϳ,7799
,7800
,7801
,7802
,7803
,7804
,7805
,7806
,7807
,7808
,7809
,7810
,7811
ҿ,7812
,7813
,7814
,7815
,7816
,7817
,7818
,7819
,7820
,7821
,7822
,7823
,7824
,7825
,7826
,7827
,7828
,7829
,7830
,7831
,7832
,7833
,7834
,7835
,7836
,7837
п,7838
,7839
,7840
,7841
,7842
,7843
,7844
,7845
,7846
,7847
,7848
,7849
,7850
,7851
ê,7852
,7853
,7854
,7855
,7856
,7857
,7858
,7859
,7860
׶,7861
,7862
,7863
,7864
,7865
,7866
,7867
,7868
,7869
,7870
,7871
,7872
,7873
,7874
,7875
,7876
,7877
,7878
,7879
,7880
,7881
,7882
,7883
,7884
,7885
þ,7886
,7887
,7888
,7889
,7890
,7891
,7892
,7893
,7894
,7895
,7896
,7897
,7898
,7899
,7900
,7901
,7902
,7903
,7904
,7905
,7906
,7907
,7908
,7909
,7910
,7911
,7912
,7913
,7914
,7915
,7916
,7917
,7918
,7919
,7920
,7921
,7922
,7923
,7924
,7925
,7926
,7927
,7928
,7929
,7930
L,7931
,7932
T,7933
V,7934
W,7935
Z,7936
],7937
_,7938
`,7939
b,7940
c,7941
e,7942
g,7943
h,7944
l,7945
u,7946
w,7947
y,7948
|,7949
},7950
,7951
,7952
,7953
,7954
,7955
,7956
,7957
,7958
,7959
,7960
,7961
,7962
,7963
,7964
,7965
,7966
,7967
@,7968
D,7969
H,7970
I,7971
J,7972
P,7973
R,7974
U,7975
Y,7976
,7977
,7978
,7979
,7980
,7981
,7982
,7983
,7984
,7985
,7986
,7987
,7988
,7989
,7990
,7991
բ,7992
,7993
,7994
,7995
,7996
,7997
,7998
,7999
,8000
,8001
,8002
,8003
,8004
,8005
,8006
,8007
,8008
,8009
,8010
,8011
,8012
,8013
,8014
,8015
,8016
,8017
,8018
,8019
,8020
,8021
,8022
,8023
,8024
,8025
,8026
,8027
,8028
,8029
,8030
,8031
,8032
,8033
,8034
,8035
,8036
,8037
,8038
,8039
,8040
,8041
,8042
½,8043
¤,8044
,8045
,8046
ª,8047
İ,8048
,8049
,8050
,8051
,8052
,8053
,8054
,8055
,8056
,8057
Ժ,8058
,8059
,8060
,8061
,8062
,8063
,8064
,8065
,8066
,8067
,8068
,8069
,8070
,8071
,8072
,8073
,8074
,8075
¡,8076
,8077
,8078
,8079
,8080
,8081
A,8082
,8083
,8084
,8085
E,8086
,8087
,8088
϶,8089
H,8090
,8091
,8092
S,8093
U,8094
,8095
[,8096
,8097
],8098
,8099
`,8100
,8101
b,8102
,8103
,8104
,8105
ȸ,8106
,8107
,8108
,8109
,8110
,8111
,8112
h,8113
,8114
Ӻ,8115
,8116
,8117
,8118
m,8119
p,8120
r,8121
s,8122
u,8123
,8124
x,8125
y,8126
,8127
,8128
ѩ,8129
,8130
,8131
,8132
,8133
,8134
,8135
,8136
,8137
,8138
,8139
,8140
,8141
,8142
,8143
ù,8144
,8145
,8146
,8147
,8148
,8149
˪,8150
ϼ,8151
F,8152
,8153
,8154
,8155
¶,8156
,8157
,8158
V,8159
,8160
Z,8161
\,8162
`,8163
,8164
,8165
,8166
,8167
n,8168
,8169
o,8170
,8171
,8172
,8173
,8174
,8175
t,8176
v,8177
,8178
,8179
ѥ,8180
,8181
,8182
,8183
,8184
Ь,8185
,8186
,8187
,8188
,8189
,8190
,8191
,8192
,8193
,8194
,8195
,8196
,8197
,8198
,8199
X,8200
\,8201
^,8202
d,8203
f,8204
g,8205
n,8206
t,8207
w,8208
y,8209
Τ,8210
,8211
,8212
,8213
,8214
,8215
,8216
,8217
,8218
,8219
,8220
,8221
,8222
,8223
,8224
,8225
,8226
,8227
,8228
,8229
,8230
,8231
@,8232
A,8233
B,8234
C,8235
D,8236
H,8237
I,8238
M,8239
R,8240
U,8241
W,8242
^,8243
a,8244
h,8245
i,8246
j,8247
l,8248
n,8249
w,8250
},8251
~,8252
,8253
,8254
,8255
,8256
,8257
,8258
,8259
,8260
,8261
,8262
,8263
,8264
,8265
@,8266
A,8267
B,8268
D,8269
E,8270
ҳ,8271
,8272
,8273
,8274
,8275
˳,8276
,8277
,8278
,8279
,8280
,8281
,8282
,8283
,8284
,8285
Ԥ,8286
­,8287
,8288
,8289
,8290
,8291
,8292
,8293
,8294
,8295
,8296
Ƶ,8297
,8298
,8299
ӱ,8300
,8301
,8302
,8303
,8304
,8305
,8306
,8307
,8308
,8309
,8310
,8311
,8312
,8313
,8314
ȧ,8315
L,8316
R,8317
S,8318
U,8319
W,8320
Z,8321
`,8322
h,8323
j,8324
l,8325
,8326
,8327
,8328
,8329
,8330
Ʈ,8331
,8332
,8333
w,8334
,8335
ʳ,8336
z,8337
|,8338
,8339
,8340
,8341
,8342
,8343
,8344
,8345
,8346
,8347
,8348
,8349
,8350
,8351
,8352
A,8353
B,8354
D,8355
,8356
,8357
G,8358
H,8359
I,8360
P,8361
Q,8362
T,8363
W,8364
^,8365
,8366
f,8367
h,8368
l,8369
q,8370
s,8371
t,8372
x,8373
z,8374
},8375
~,8376
,8377
,8378
,8379
,8380
,8381
,8382
,8383
,8384
,8385
,8386
,8387
,8388
,8389
,8390
,8391
,8392
,8393
,8394
,8395
,8396
,8397
,8398
,8399
,8400
,8401
,8402
,8403
,8404
,8405
,8406
,8407
,8408
,8409
,8410
,8411
,8412
,8413
,8414
,8415
,8416
,8417
,8418
,8419
,8420
,8421
,8422
,8423
,8424
,8425
,8426
,8427
ظ,8428
,8429
,8430
,8431
ܰ,8432
R,8433
S,8434
T,8435
W,8436
Y,8437
Z,8438
g,8439
v,8440
w,8441
x,8442
z,8443
{,8444
~,8445
,8446
,8447
,8448
,8449
,8450
,8451
,8452
,8453
E,8454
G,8455
K,8456
S,8457
T,8458
U,8459
\,8460
_,8461
q,8462
s,8463
t,8464
v,8465
|,8466
},8467
~,8468
,8469
,8470
,8471
,8472
,8473
,8474
,8475
,8476
,8477
,8478
,8479
,8480
@,8481
A,8482
E,8483
H,8484
J,8485
K,8486
P,8487
,8488
Ԧ,8489
,8490
ѱ,8491
,8492
,8493
,8494
¿,8495
,8496
ʻ,8497
,8498
,8499
,8500
,8501
פ,8502
,8503
,8504
,8505
,8506
,8507
,8508
,8509
,8510
,8511
,8512
,8513
,8514
,8515
,8516
,8517
,8518
,8519
,8520
,8521
,8522
,8523
ƭ,8524
,8525
ɧ,8526
,8527
,8528
,8529
,8530
,8531
,8532
,8533
,8534
,8535
,8536
,8537
,8538
,8539
a,8540
,8541
,8542
,8543
,8544
,8545
,8546
,8547
,8548
,8549
,8550
,8551
,8552
,8553
t,8554
,8555
v,8556
,8557
w,8558
x,8559
y,8560
,8561
,8562
,8563
,8564
,8565
,8566
,8567
,8568
,8569
,8570
,8571
,8572
,8573
E,8574
,8575
,8576
P,8577
,8578
W,8579
,8580
Y,8581
[,8582
],8583
b,8584
,8585
d,8586
ت,8587
,8588
,8589
,8590
,8591
,8592
,8593
,8594
,8595
,8596
,8597
,8598
u,8599
κ,8600
,8601
ħ,8602
|,8603
~,8604
,8605
,8606
,8607
E,8608
G,8609
R,8610
T,8611
U,8612
V,8613
^,8614
a,8615
b,8616
n,8617
o,8618
q,8619
r,8620
,8621
,8622
,8623
,8624
,8625
,8626
,8627
,8628
,8629
A,8630
E,8631
F,8632
H,8633
K,8634
L,8635
N,8636
O,8637
T,8638
X,8639
a,8640
c,8641
m,8642
q,8643
t,8644
v,8645
w,8646
,8647
,8648
,8649
,8650
,8651
,8652
,8653
,8654
,8655
,8656
,8657
,8658
,8659
B,8660
I,8661
L,8662
M,8663
V,8664
X,8665
Z,8666
[,8667
\,8668
a,8669
c,8670
k,8671
q,8672
{,8673
|,8674
~,8675
,8676
,8677
³,8678
,8679
,8680
,8681
,8682
,8683
,8684
,8685
,8686
,8687
,8688
,8689
,8690
,8691
,8692
,8693
,8694
,8695
,8696
,8697
,8698
,8699
,8700
,8701
,8702
,8703
,8704
,8705
,8706
,8707
,8708
,8709
,8710
,8711
,8712
,8713
,8714
,8715
,8716
,8717
,8718
,8719
,8720
,8721
,8722
,8723
,8724
,8725
,8726
,8727
,8728
,8729
,8730
,8731
,8732
,8733
,8734
,8735
,8736
,8737
,8738
,8739
,8740
,8741
,8742
,8743
,8744
B,8745
D,8746
F,8747
I,8748
P,8749
Q,8750
S,8751
c,8752
d,8753
f,8754
r,8755
x,8756
z,8757
|,8758
,8759
,8760
,8761
,8762
,8763
,8764
,8765
,8766
N,8767
O,8768
P,8769
Y,8770
Z,8771
],8772
^,8773
g,8774
i,8775
l,8776
o,8777
,8778
,8779
,8780
,8781
,8782
B,8783
F,8784
L,8785
Q,8786
X,8787
Y,8788
\,8789
],8790
_,8791
a,8792
p,8793
t,8794
v,8795
w,8796
,8797
,8798
,8799
,8800
,8801
,8802
,8803
I,8804
R,8805
W,8806
X,8807
Z,8808
[,8809
,8810
,8811
,8812
,8813
,8814
Ÿ,8815
ѻ,8816
,8817
,8818
,8819
,8820
,8821
Ѽ,8822
,8823
,8824
,8825
ԧ,8826
,8827
,8828
,8829
,8830
,8831
,8832
,8833
,8834
,8835
,8836
,8837
,8838
,8839
,8840
,8841
,8842
,8843
,8844
ȵ,8845
,8846
,8847
,8848
,8849
,8850
,8851
,8852
,8853
,8854
,8855
,8856
,8857
,8858
,8859
,8860
,8861
,8862
,8863
,8864
,8865
,8866
ӥ,8867
,8868
,8869
u,8870
y,8871
|,8872
},8873
¹,8874
,8875
,8876
,8877
,8878
,8879
´,8880
,8881
,8882
,8883
,8884
,8885
,8886
,8887
I,8888
,8889
,8890
N,8891
,8892
,8893
S,8894
,8895
,8896
Z,8897
,8898
,8899
,8900
,8901
ǭ,8902
Ĭ,8903
,8904
,8905
,8906
c,8907
,8908
,8909
,8910
,8911
,8912
h,8913
,8914
,8915
,8916
o,8917
t,8918
,8919
,8920
,8921
w,8922
,8923
x,8924
,8925
,8926
,8927
,8928
ؾ,8929
,8930
ػ,8931
ܱ,8932
,8933
,8934
,8935
,8936
B,8937
,8938
,8939
,8940
,8941
,8942
,8943
R,8944
S,8945
V,8946
W,8947
,8948
,8949
X,8950
Z,8951
_,8952
b,8953
e,8954
f,8955
g,8956
l,8957
p,8958
r,8959
x,8960
|,8961
},8962
,8963
,8964
,8965
,8966
,8967
,8968
,8969
,8970
,8971
,8972
ȣ,8973
,8974
,8975
,8976
,8977
,8978
,8979
,8980
,8981
,8982
,8983
,8984
